Name,BirthDate,Gender,Address
Elijah	,1972-08-29,Female,16 Houston
Oliver	,2021-09-22,Male,80 New York
Jane,1987-05-27,Female,73 Philadelphia
Olivia,2004-10-21,Female,18 New York
William,1972-08-02,Female,96 New York
Elijah	,2016-09-10,Female,34 Chicago
Amelia,2021-10-21,Male,84 Philadelphia
Evelyn,2001-02-02,Female,22 Houston
Charlotte,1981-01-25,Female,93 Philadelphia
James	,1990-06-31,Male,54 New York
Luna,1970-12-16,Male,90 Los Angeles
Luna,1965-12-10,Male,85 Chicago
Liam	,1969-04-08,Female,79 Los Angeles
Olivia,1967-10-09,Male,68 Los Angeles
Emma,1998-08-07,Male,61 Houston
Oliver	,2019-11-14,Female,7 Chicago
Theodore	,1960-12-11,Female,78 Chicago
Ava,1979-07-05,Female,27 Houston
Charlotte,1971-02-04,Female,78 Philadelphia
Jane,1994-02-24,Male,73 Chicago
Henry,2022-05-13,Male,75 Houston
Henry,1974-12-16,Female,25 New York
Benjamin	,2003-09-01,Female,25 Houston
Luna,1996-02-04,Female,27 Philadelphia
William,2018-11-09,Female,14 Chicago
Oliver	,1961-05-13,Female,72 Houston
Elijah	,1998-04-23,Female,26 New York
Liam	,1966-03-10,Male,24 Los Angeles
Charlotte,2007-08-24,Female,39 Houston
James	,1967-11-17,Male,44 Houston
Oliver	,2006-11-03,Female,6 Los Angeles
Jane,1977-10-32,Female,76 Houston
Ava,2014-11-31,Female,87 Chicago
Mia,2012-02-23,Male,92 Philadelphia
John,1991-05-29,Male,21 Los Angeles
Ava,2022-11-19,Male,96 New York
Mia,1962-10-02,Female,36 New York
Benjamin	,1962-09-04,Male,19 Houston
Michael,1981-01-27,Male,99 Philadelphia
James	,2015-08-23,Female,84 Los Angeles
Evelyn,2018-11-14,Female,37 Chicago
William,2022-10-17,Female,57 Philadelphia
Mia,1998-04-27,Male,97 Houston
Lucas	,2021-12-19,Female,56 Chicago
Evelyn,1998-02-04,Male,40 Houston
Liam	,2013-11-07,Male,65 Houston
Oliver	,1979-05-25,Female,11 Los Angeles
John,1981-10-14,Female,73 Houston
Theodore	,2009-12-27,Female,84 Houston
Lucas	,1965-01-17,Female,56 Los Angeles
Amelia,2018-03-16,Female,90 New York
John,1994-02-03,Male,27 Chicago
William,1964-12-08,Male,96 New York
Lucas	,1976-04-04,Male,16 Houston
Lucas	,1995-12-24,Female,48 New York
Oliver	,1970-12-15,Female,61 Chicago
Emily,1975-02-24,Male,61 Los Angeles
Amelia,1972-05-05,Male,89 Chicago
Charlotte,1976-03-16,Male,26 Chicago
Noah	,2000-06-29,Male,11 New York
Lucas	,1982-06-29,Female,3 Chicago
John,2004-02-17,Male,77 Chicago
Olivia,2012-07-03,Male,22 Houston
Evelyn,2000-12-12,Female,63 New York
Jane,1973-12-24,Female,57 New York
Emma,2007-09-17,Female,73 Los Angeles
Evelyn,1960-05-12,Male,13 New York
Sophia,2018-05-04,Male,58 Philadelphia
Benjamin	,2004-08-25,Male,52 Houston
Oliver	,1981-05-23,Male,27 Chicago
Amelia,2004-02-19,Male,82 Philadelphia
Michael,1998-10-10,Male,62 New York
Elijah	,1977-08-06,Female,99 Chicago
Luna,1989-07-08,Male,48 Los Angeles
Liam	,2018-03-14,Male,96 Los Angeles
Emily,1985-01-19,Female,78 Houston
Charlotte,1995-06-18,Male,78 New York
Emma,2001-01-09,Male,34 Philadelphia
Oliver	,2014-04-17,Female,87 Chicago
William,2016-09-30,Female,80 New York
Henry,2009-02-26,Female,71 New York
Sophia,2004-04-25,Female,55 New York
Evelyn,1985-04-12,Male,47 Philadelphia
Emma,2015-03-23,Female,83 Philadelphia
Jane,2021-09-09,Male,17 Houston
Luna,2018-12-24,Male,10 Houston
Amelia,1993-06-06,Female,83 Philadelphia
William,1966-06-07,Male,77 New York
Sophia,1985-01-11,Male,57 Los Angeles
Mia,1964-06-28,Female,66 Philadelphia
Ava,2001-05-20,Male,25 Philadelphia
Henry,2019-01-24,Male,60 Los Angeles
Oliver	,1989-02-24,Male,62 New York
Theodore	,1963-12-28,Male,81 Chicago
Elijah	,1992-08-04,Female,74 Chicago
Charlotte,1998-06-06,Male,2 New York
Oliver	,2016-04-30,Male,53 Houston
Ava,1999-07-04,Male,12 Chicago
Henry,1979-07-05,Female,6 Philadelphia
Liam	,1989-02-28,Male,17 New York
