Id,Name,Birthdate,Gender,Age,Address
5b4e8d40-2b0d-4a74-ae2b-687dd3054c3a,조현준,1960-03-20,Female,64,인천시 남구 51길 20
a780dd37-6f76-4f3c-a5f0-f495e79d344d,송지아,2014-03-26,Female,10,광주시 서구 82길 12
4991b3c0-c5b4-4f3a-b4ed-ab09ce0c3b5c,구소율,1960-02-18,Female,64,강원도 산청군 68로 49
2ab7afb5-fc60-46da-91f4-035747d7d27d,정채원,1980-03-08,Male,44,서울시 금천구 15로 49
7b529d66-8f9c-4ec6-9bbe-f7b987112164,노지윤,1971-11-05,Male,53,충청남도 옥천군 51길 94
42297e1d-21fb-4754-981d-9ee6d79c1086,장지호,1997-10-29,Male,27,경기도 의왕시 01로 10
5201a5ec-5fa1-459a-a99f-bbbcdbe37922,우지안,1988-12-15,Female,36,대전시 북구 36길 22
92f22553-eb8f-4c85-8a44-8ad422ab98e2,윤우진,1961-10-13,Female,63,울산시 북구 23길 20
4b5e68aa-21c4-4711-aacc-2b67692939bc,손채원,1970-12-07,Female,54,부산시 부산진구 03로 44
7f2c360c-3329-4ad1-9c39-8bffb8e9defe,최서연,1999-07-27,Female,25,울산시 북구 14로 69
9b4faa13-8c4f-45d5-bb3c-b14f9a0f840a,곽준우,1965-08-13,Female,59,강원도 밀양시 50로 58
06dc2000-2cf7-482f-b66b-ea408eb2d801,손승민,1970-04-23,Male,54,경기도 동두천시 78길 50
b4f0d118-6dd4-4eff-a976-daeb0c787c58,임도윤,1985-06-27,Female,39,인천시 북구 91로 49
fc255a57-6094-419f-abea-42c5a1e849bd,임유진,1967-04-26,Male,57,전라남도 임실군 17길 54
df889a22-4117-488a-b7e0-f066d6968c41,임하윤,2014-06-21,Male,10,경기도 의정부시 52로 33
7acd4b35-6701-4c45-a0d3-e47e2c434a85,권수아,2011-09-01,Female,13,부산시 해운대구 05로 07
f277f425-7118-43bd-ac23-3c16c748212d,박지환,1972-05-01,Male,52,강원도 김해시 31로 56
d157fe1b-b939-47bb-92b7-e00db6e673f5,손시윤,1966-04-27,Female,58,전라남도 임실군 48로 07
abc3a363-f8f6-4b73-ad45-6b3b87916731,신연우,2003-06-23,Male,21,부산시 남구 27길 44
67bec331-965e-4f01-a348-1a0c3a3dc27d,이윤우,1994-06-24,Male,30,강원도 밀양시 73로 89
a59c13c6-9690-4cbe-98df-04422c9cc828,송다은,1987-04-24,Female,37,충청남도 단양군 30로 43
86df6bb5-59a0-4f90-b30d-0d5d272a1752,고은서,2016-12-04,Female,8,광주시 동구 34로 90
3f1b87bc-f81b-4efb-9567-31e90b3cc485,한지유,1972-07-08,Female,52,제주도 서귀포시 07로 54
eb6c1cde-6f75-4e57-9440-78975950a559,성수아,2015-03-30,Male,9,대전시 남구 02로 97
727a30ea-e759-4c26-94d5-104aaf510a66,백주원,1991-06-09,Female,33,세종시 세종시 02길 19
0379cf99-bfb1-4517-a4b4-8c5499ae70cb,남민서,1983-10-30,Male,41,제주도 제주시 64로 93
6f3027ff-4fcc-4ef5-b52f-b3098fdf8f2e,구민서,1995-08-25,Female,29,인천시 남구 85로 96
9a6dee79-ebbf-4c15-ac79-e80660663a47,차서준,2003-02-05,Male,21,경상남도 영주시 99길 82
e6075b01-8754-4d12-a40b-423edb95770c,하연우,1970-09-21,Female,54,세종시 세종시 70길 41
7f9d2e1c-ac8a-450b-a18f-a84f39a7ea6c,김우진,1988-05-25,Male,36,전라북도 태안군 90로 49
99fcaa15-0527-474e-aa06-ee0292029d93,정서아,1976-04-22,Male,48,세종시 세종시 12로 36
d8420931-16f4-4f03-b041-49668d952d76,남서윤,2012-01-13,Male,12,부산시 강서구 67길 79
63fcb7bf-d253-4731-b39e-2a3d53e4fa9b,안준우,2006-11-09,Female,18,경상북도 구례군 03길 52
09b2c19a-cebc-498a-92a5-f33f5150858c,서도윤,2012-05-15,Male,12,울산시 북구 91로 70
e02e9c51-81a2-49f0-93d7-e8200f477f9b,문지유,2007-03-03,Male,17,세종시 세종시 56길 32
15297631-6c57-4846-b345-c3fdafbd875e,임하은,2013-05-06,Male,11,부산시 수영구 50로 77
e27c45cc-ac36-4371-ba7b-6b787b2db1d8,우채원,2018-10-02,Female,6,경상남도 봉화군 79길 47
5cf5eaf6-aa23-47a9-805c-cf17e2073b8f,배유진,1986-04-10,Male,38,인천시 남구 40로 52
6b9ab5b7-8faa-4903-9079-115e34ef3513,오예준,1977-06-20,Female,47,세종시 세종시 91길 49
93e140fe-7448-4b3e-9ab6-54226ee920dd,심은서,1999-12-17,Male,25,전라남도 전주시 72길 03
d7cb5fba-2a29-49ed-8920-de6e61a8cb1c,문지안,1992-07-27,Female,32,충청북도 영월군 65길 41
1adafd64-ffcf-4892-b7bd-876b7cdb7386,임주원,1972-05-11,Female,52,충청남도 보은군 66로 96
4ddbc75a-0313-40f0-8d7d-c28f6e6fe594,정지우,2007-01-18,Female,17,세종시 세종시 64길 06
97d77eda-9359-4674-9469-b7998f7f921a,오하은,1969-03-31,Male,55,경기도 남양주시 09로 51
88551604-fe06-410f-bf88-5fc00acb6065,신채은,1968-10-11,Female,56,대전시 광산구 19로 94
41adc051-8698-4582-8f3f-e78fd8e79196,심지훈,2007-08-08,Male,17,제주도 제주시 67길 04
fac5631a-58f6-4b3e-81f5-d9360df69fe5,하지후,1983-12-06,Male,41,충청북도 평창군 43길 53
ba4f64a7-b38c-40ab-9dc9-575e77d00123,강준서,2001-12-17,Female,23,경상남도 고령군 15길 65
0397444a-4737-4e4d-95f7-d2a2b4ab56c6,배현우,2004-05-13,Female,20,전라북도 계룡시 71로 21
e0f3cb3a-a0f5-4c0d-bda1-eaa8708f48ac,홍도윤,1971-12-18,Male,53,경상북도 장성군 86로 23
923764d1-4247-40f6-a686-4ec4f020ca99,주지우,1977-03-27,Male,47,경상남도 울릉군 01길 26
31c8084e-4790-4fea-b24a-448d6a4cb429,전하린,2001-12-11,Male,23,충청북도 양구군 65길 78
fc5eb624-2cc3-41be-911f-555693c12318,배민서,1986-01-24,Female,38,전라북도 청양군 88로 37
bf724451-cfbe-4e8f-8d1f-3a4348111ca7,허은서,2020-08-23,Male,4,대구시 연수구 08길 18
4e6453cb-92a3-40a0-aa8b-74337de5ad20,강민서,2005-12-16,Female,19,광주시 동구 72길 09
12a8563d-a37e-4a73-8563-f56d2034ef9f,고서아,2011-03-09,Female,13,광주시 서구 78로 43
31905564-a33d-439b-90f0-e8e3119771dc,차준혁,2019-10-17,Male,5,인천시 서구 23길 44
5b1a6fc5-5ca2-41ee-a652-4342fbb968e6,안민재,1972-08-08,Male,52,경기도 성남시 39로 45
d4a20fc1-04b5-4f9e-b52d-7efbd778f2f9,황서연,1996-03-10,Female,28,전라북도 예산군 02길 16
02fa2e33-2a25-4fd2-ae0e-192bcebc0834,하예원,2022-01-02,Female,2,충청북도 화천군 25로 07
ba8af135-3ecc-4109-b39b-1201e57f750a,주예린,2019-09-20,Male,5,강원도 통영시 58로 39
a2a43059-83f3-4510-b3fa-f4aec1cdac4d,오채원,1973-03-30,Female,51,경기도 이천시 22길 70
bbdd244e-536d-4298-ba7b-92d5dc486f19,양현우,1969-06-18,Male,55,충청북도 횡성군 98길 83
9a303098-934e-4c53-93f4-437d06ecf7c2,장승우,1981-06-01,Male,43,부산시 부산진구 89길 95
756bdc3f-2b6a-42b0-9488-c859bcd6838b,양현우,2016-01-23,Male,8,인천시 수성구 92길 44
35c51dd4-42ee-43a2-a7d5-576e5c021c45,오지우,1969-10-23,Female,55,서울시 도봉구 32길 18
1b36883e-6e9d-40dc-8f3d-e57f51164653,이정우,1963-08-09,Male,61,서울시 성동구 18로 62
f9639671-b805-4ba8-a6fc-1bf39dbbe68b,임채은,1991-05-02,Female,33,세종시 세종시 65로 87
f308de57-2d65-416f-a66e-e0a857b54040,구지안,1969-06-09,Male,55,광주시 서구 06로 28
8cf06681-bd13-4bfd-b214-cad70038ac55,허채원,1960-12-23,Male,64,광주시 유성구 30길 95
de078b4d-429b-46f7-a282-7df84b191510,조준혁,2009-12-02,Male,15,경기도 의정부시 84길 43
cda7b895-71b0-4e4c-9b11-42634225d226,송정우,2009-06-15,Female,15,충청남도 제천시 35로 40
452232f8-483f-45ac-9ba6-a26e2b771083,최도윤,2019-11-08,Male,5,강원도 진주시 14길 63
1af10006-b92d-4411-8b65-8892a9f1d036,하소율,2009-01-24,Male,15,제주도 서귀포시 86로 93
6af94c83-be38-478b-ada0-9cf8a1fd3fc1,배현준,1999-02-03,Male,25,충청남도 보은군 22로 04
64a94b41-7ec5-496d-b61f-fdce871fc23e,장윤서,1976-05-26,Female,48,전라남도 무주군 99길 65
5f48f535-84bd-4d47-9edc-e75800f8e3ed,윤건우,2019-11-22,Male,5,경기도 연천군 03길 53
94201a96-72c3-481d-9f25-1a641d7523be,양하린,1998-11-08,Female,26,전라남도 남원시 49로 78
26a0b6b0-f1c4-444b-8d6e-1da5bcae68d2,허지후,2014-03-03,Female,10,인천시 북구 09길 64
aaa298aa-0eb9-4b39-8bd3-876712f8f5eb,이시우,1960-09-20,Female,64,전라북도 예산군 22로 37
b83ad8f4-a5f6-48e2-aa5f-c2d306d09f73,남지아,1964-04-25,Male,60,경기도 군포시 27길 19
97e5e56d-dd10-4445-99af-6da035a3832c,신승우,2016-04-10,Female,8,경상북도 구례군 13길 64
91b57258-700d-4f2e-bf83-64630a54d815,임시은,1997-08-26,Male,27,경기도 남양주시 87길 26
c575d59d-a81d-47c3-a3b8-65d39cb69c61,문승우,2011-05-27,Male,13,울산시 중구 99로 12
e4a70ad7-a82f-4437-8df6-c0ad8b86860d,곽우진,2004-10-32,Female,20,충청남도 단양군 46길 14
94f7931b-4d60-4df3-883a-bbe2674fe4c2,신하린,1970-08-16,Female,54,제주도 제주시 27로 08
3743393e-02ae-4093-a554-1102c4f10c33,정서연,1996-12-31,Female,28,경기도 이천시 17로 60
96bf66e1-e5ad-480a-a037-f9eabfd2002d,강하준,2010-06-12,Male,14,경상북도 무안군 38로 92
2e846057-d090-448d-bf1c-eed91e6bb40d,하민서,1996-09-05,Male,28,강원도 합천군 73길 65
ccbf9ca9-b4f0-447e-8064-9b51e44efb1b,오건우,1992-09-21,Male,32,전라남도 장수군 85길 94
aa87b270-dc43-4d43-8f01-b983e05147da,송시우,1981-06-01,Male,43,충청북도 인제군 61길 50
992d163e-9f09-4d24-90cd-65c9740e0712,배유준,2010-03-16,Male,14,전라북도 서산시 52로 09
1aeba671-18b0-4154-a0ed-d0ac50ee4a26,백소율,1971-02-27,Female,53,전라북도 아산시 65길 60
59506415-7ab3-482a-b456-ac66a220062a,남소율,1988-05-21,Female,36,전라남도 순창군 50로 74
d33836ea-c2d3-440b-9015-7cf3cd3a9b19,곽도현,1994-10-01,Female,30,대구시 중구 40길 68
c4d6646d-8676-4ad6-8595-7499bcd109d7,우소율,1987-01-31,Male,37,서울시 금천구 04로 63
f3534b02-3f42-423e-88a7-b0f8b5ded896,노하준,1998-05-20,Male,26,강원도 사천시 18로 99
6bc575b8-1d68-45ad-a4a5-8553e6c9ff7b,강지윤,1999-07-13,Female,25,경기도 이천시 66로 18
f4fc27cd-2aa9-4e4f-bda4-4b3712220c29,한소율,1963-05-24,Female,61,경기도 구리시 03로 16
242cd394-b34a-4929-9613-135c631d9827,박시우,1989-03-31,Female,35,전라북도 홍성군 08길 62
da6dc914-5feb-45ca-b201-62c63cabfdfc,박수빈,1982-07-27,Male,42,경기도 이천시 42길 73
8f45f5f7-24e2-4957-adb4-3056d3769c3b,배시윤,2005-05-12,Male,19,인천시 수성구 99로 72
3133871d-2e34-4241-9ec6-90c24669e793,곽서진,1994-12-27,Male,30,경상북도 영광군 44로 43
6413bc14-ec54-4a35-bc5a-1bcf20d014b0,류준서,1985-08-23,Female,39,인천시 달성군 81길 22
cb340a22-f948-4291-8ca4-b6703c6061c4,정수아,2015-08-22,Female,9,충청북도 정선군 31로 63
7d4e3c91-1416-4e44-b347-a44c723b3420,안현우,2001-08-14,Female,23,대구시 동구 50길 49
182d5c81-62d7-4c9c-afda-a5b68ce8edfd,윤하린,1978-02-20,Female,46,울산시 북구 44로 79
f0cce061-1dce-4747-b553-4b92e3618c30,조하준,1987-10-21,Female,37,전라남도 정읍시 48길 56
7d852270-2175-46ca-b0a6-d3336f58ef01,김지후,2003-05-16,Female,21,대구시 중구 75길 14
751e7881-1420-4989-928b-74d578419794,신수빈,2012-12-16,Male,12,서울시 동작구 25로 93
98631425-071f-4fb0-a2be-a5bae838b905,배지우,2000-08-25,Male,24,제주도 제주시 61길 99
075fc0b2-e122-4295-9aa1-2c1b63695b7b,윤은서,1983-03-13,Male,41,대전시 북구 40길 42
1b17253b-9794-42af-9a3c-bfb8d0d6f682,구예은,1991-09-31,Female,33,경기도 남양주시 45로 99
aa8cba73-9650-4971-bcdc-0c7b665055f2,김준서,1989-11-15,Male,35,경상북도 나주시 37로 48
91f44bb9-4980-4eea-9143-5280f607aa71,전지훈,2006-11-02,Male,18,광주시 중구 54길 23
983dca19-9ee7-4056-b096-1fa7ceed520d,하윤우,1980-02-21,Male,44,경상남도 안동시 33길 89
5b7b5a42-5c30-4483-8aab-5f324acb1590,곽건우,2005-10-16,Female,19,부산시 동래구 01길 18
60ebba0b-91f0-458a-8b6c-5f4f61f69abe,유지원,1975-05-03,Female,49,대전시 동구 28길 25
7e7337c2-04fc-470c-856c-84d9b8e5fbe0,이민재,2019-11-06,Female,5,전라북도 예산군 17길 96
18a12f28-383b-4d94-9db2-2f0552bdee19,조하윤,1984-09-27,Male,40,울산시 남구 46로 26
0b0e41fa-22ff-4c2a-a9c1-e9dca5ca171f,손정우,1973-03-27,Male,51,충청남도 음성군 06길 85
e2e4d1e3-116c-4a81-adb4-847eb4454d29,임시우,2005-09-11,Male,19,제주도 서귀포시 52로 74
0bf5d817-d2d0-4256-92da-de94752e7c17,류하은,1998-01-20,Male,26,전라남도 남원시 32길 72
c3641ef4-fe62-4715-bf27-0c70b52e1f05,권소윤,1988-10-04,Female,36,부산시 수영구 70로 84
63cccc60-3a13-4cb6-a848-7e5aa0f600b7,노유나,2013-04-29,Female,11,울산시 울주군 64길 70
b5fe2636-01ca-40ec-ad56-5cc2a911ddc5,윤승민,1963-07-14,Male,61,대전시 광산구 85로 40
63cf7c6d-7a1a-4ee9-b9ef-88f6b1fabc07,박지후,1976-09-27,Female,48,경상북도 광양시 07길 90
99521894-5a3f-4757-9e99-8aa5edf535e0,성시우,2009-12-23,Female,15,경상북도 강진군 68로 99
8c4667c4-42c9-4882-ac83-d3086784bccd,조우진,2009-02-17,Female,15,제주도 서귀포시 47길 36
baea128b-7f73-4125-aa54-59a701f52490,곽서윤,2007-09-26,Male,17,부산시 해운대구 84로 42
2da0c1fe-1dff-45fa-9f84-92cf7e95c08f,주주원,1998-05-31,Female,26,경상남도 경주시 03로 51
533fd0c9-1d83-4ef9-93fd-f0d3bfd69076,홍현우,2007-07-05,Female,17,경상북도 무안군 24로 52
0dbed4f7-23e9-43b3-a723-669d88681f68,주승우,2009-04-21,Male,15,경상북도 진도군 12길 50
51b65cbc-f4fc-4d58-9a6e-eb31e9509747,신지안,1965-01-02,Female,59,부산시 사하구 28길 77
becc62dc-5182-4f65-9e36-3cfcc072a6a6,윤소윤,1986-01-09,Male,38,경상남도 안동시 39길 74
60377bf4-ec5b-41ad-a562-87f94a41c412,주주원,1999-09-02,Female,25,광주시 유성구 51길 73
a724a21b-70d0-42b9-9711-dd13924e3c41,문예준,1982-01-24,Male,42,강원도 창녕군 90길 78
36458dd6-e05a-4b55-b901-a0dad3658ec1,이지윤,2001-04-12,Female,23,제주도 제주시 61로 41
5cdd7989-889e-4d21-a114-a6ed252b1000,서채원,1989-02-08,Male,35,광주시 동구 16로 89
9c5c9ef7-f125-421b-841b-e774cb9087d2,권지우,1980-02-19,Female,44,전라북도 서천군 01로 57
46d79f39-202e-4877-8fa6-f570fb28c9cb,심민준,1989-02-04,Female,35,광주시 동구 17로 37
884f01d9-ac17-49c4-94bd-56e80f8a1767,양예린,1982-10-05,Female,42,충청남도 제천시 49로 84
41110100-a68d-4180-adb5-ead39abef55c,윤서윤,2012-06-07,Female,12,광주시 중구 73로 53
e00f6ca7-0e43-4964-93b3-b35a88c2eb83,강도현,2013-03-18,Male,11,제주도 제주시 80로 76
94ac02be-0b62-46a5-b23f-b96091e376b7,문준우,2002-04-01,Male,22,제주도 제주시 31길 55
e4edd8c3-2fc4-4a28-984f-1b1ccb71e77f,권정우,1998-09-15,Female,26,경상북도 진도군 80길 09
29a93090-96c8-40b9-83af-712e6dd070e9,차예원,1970-09-10,Female,54,경상남도 울릉군 10로 10
9aa0e60c-3821-468d-9745-2bc87c4bd574,정소윤,2019-02-27,Female,5,부산시 부산진구 54길 94
c922a14f-9697-4f96-b82c-03f4ec1aed9b,유지환,1973-04-24,Male,51,대전시 남구 36로 18
48859d19-ac6e-443a-82c5-3da4796f5c67,류수아,2016-04-03,Male,8,서울시 동대문구 85로 29
33982eb6-599f-4994-88cc-ee2f457edcf2,장유진,2014-08-23,Female,10,강원도 함양군 05길 62
afbda049-bff0-4a87-8c41-300e0be32335,안준우,2000-09-15,Male,24,경상북도 영암군 13로 46
716ad140-eee5-430f-a477-34842293d543,임유진,1982-08-11,Female,42,전라북도 부여군 76로 05
79871e89-d892-43de-b309-ace9a0368d81,김시윤,2006-02-20,Male,18,전라남도 김제시 07길 87
60fcfa8b-5bc9-41f1-917e-efda00b31f77,전예은,1969-07-25,Female,55,서울시 관악구 65로 24
e4cddcc5-3de2-4951-8cb2-e5cfaedf0b59,주지후,1986-02-28,Female,38,충청남도 청주시 16길 62
34a1ceb8-0099-4bc7-ad53-1649f584b3ce,황서윤,2013-08-26,Male,11,부산시 남구 41길 18
2c7857c1-8308-4ab8-8a8b-e9d6a72bd994,전지환,1994-02-26,Male,30,광주시 동구 82길 04
11235f5c-7fa3-4a37-aa89-6b338c0f3073,홍시우,2014-01-10,Male,10,전라남도 임실군 86로 64
527b8d91-647f-4204-a756-a392d3aae807,박시우,2001-09-25,Female,23,강원도 남해군 93길 04
25058d30-832c-4cf9-a86c-ad3208a7853c,고지후,1999-12-23,Female,25,강원도 거제시 15로 52
db094aef-466d-44be-acea-62c65819a8ac,성지훈,2016-03-08,Male,8,충청남도 청주시 91로 78
06efe51d-f07c-49ea-ada9-8aa66ced7f5e,윤예린,1971-09-19,Female,53,충청남도 증평군 74길 39
7e26fe82-f307-4b5c-a9cd-5728a98aff07,오현우,1967-05-03,Male,57,대구시 계양구 02길 26
28f708b3-6f55-45ea-80fb-779d52232455,신다은,1975-07-11,Female,49,경상북도 보성군 75길 38
de054338-5abe-4230-a800-3666b5637e33,황수빈,1998-03-13,Female,26,대전시 광산구 40로 15
0cceec0b-51a7-4dc6-bfd7-a5ec202fa148,하소율,2003-09-01,Male,21,충청남도 단양군 05로 04
f98e5625-2f0c-4eae-bec2-e8c341e73674,정도윤,1979-10-10,Male,45,세종시 세종시 83길 41
a3da5621-781e-40e7-9e5d-6d38c677b02e,백민준,1999-06-02,Female,25,충청남도 옥천군 31길 09
c8bf83cc-1cb7-4618-a64f-50c25a803cf1,정준서,1963-11-27,Female,61,경기도 광주시 37로 80
681745d7-c221-49c0-b039-94a8ab682956,윤하린,1994-06-25,Female,30,전라북도 부여군 60길 59
9a4ff9b0-3165-4631-b91e-4aad0c3d21d7,차서진,2020-08-26,Male,4,광주시 중구 51로 98
b7b386b8-8277-4536-a79a-0cfdc048c4ca,배소율,2010-08-21,Male,14,충청북도 강릉시 26로 64
445e5a41-9ab8-42c6-9e63-2cdfb5641a60,남선우,2022-08-08,Male,2,세종시 세종시 77로 25
1f10e055-8ffc-4404-b7fc-cb836f0b5890,권예은,1972-02-04,Male,52,전라북도 청양군 66길 78
39971b3f-490e-4a31-8c09-4d43a0be1977,허하은,2002-05-31,Male,22,부산시 중구 52길 95
8f541478-c9d2-44db-bd74-fdc11791319e,허승민,2002-06-06,Male,22,광주시 중구 11로 99
e3070109-2028-40bd-b392-6b1ad5372f86,우다은,1962-07-19,Female,62,광주시 유성구 14길 26
258361e2-f433-41d5-9eaf-5853d84a6e15,임건우,1976-03-21,Male,48,경상남도 경주시 98로 55
4b58e3ff-c85c-4a38-8961-40979f614006,우지우,1994-12-25,Female,30,인천시 서구 96길 04
a402ee58-cdbc-4fa5-b6bb-e0a93b504fe8,윤유나,1990-01-23,Male,34,세종시 세종시 30로 26
7305ea72-63bb-4c1a-91c1-7ebc6b589c6d,정도윤,1970-03-30,Female,54,전라북도 서산시 09로 21
d881b485-defd-4a72-a462-d38dba873ff7,강하윤,2020-03-06,Female,4,대전시 동구 60로 11
2fcdbcae-ad8b-46cd-a024-b54f9f3eb9cd,고지호,2014-10-32,Female,10,전라북도 청양군 94길 79
e3245b3c-d4f4-4aa3-b636-87733a645396,한서준,1982-04-03,Male,42,경상북도 무안군 09로 96
14bb92a2-c282-4319-bc5d-a81730010e4a,구서진,1986-02-23,Male,38,경기도 연천군 48로 26
02ab2b9f-d8e6-4c0f-b693-3274cc9e4b11,임윤서,1979-08-11,Male,45,제주도 서귀포시 04로 62
16e2cad6-d79f-4747-a871-a61eaf639f3d,류시우,1977-10-32,Female,47,제주도 제주시 62로 70
19191520-3e92-44e8-839a-44925f6fe3fc,문지훈,1997-01-14,Male,27,제주도 서귀포시 78로 54
6111f58d-b42c-42b9-99ca-66e8ad5b71b6,우하은,2021-06-25,Male,3,경기도 안산시 48길 01
b077d5fb-3c72-41c2-af97-88ad38eda4d7,조채은,2002-09-19,Male,22,서울시 관악구 99로 40
6de592ec-d064-44d4-a519-50a139d7ec35,임현우,1974-08-11,Female,50,부산시 영도구 39길 30
c7b2469b-b94a-4c13-a93f-d6e8b934d5fd,안시우,1981-01-23,Male,43,인천시 수성구 49길 23
06a7c8bd-f22c-469f-bdeb-b65aa9697568,하예린,1984-07-01,Female,40,강원도 함안군 92로 09
ab0d0451-ecbd-47c3-821d-28dbec4ff637,박유나,2015-05-29,Male,9,세종시 세종시 53길 34
9d2236d5-dda2-484f-8268-d2f1ae2340ed,송현준,1986-04-17,Female,38,전라남도 군산시 24길 61
4654db29-e724-4e1b-b4dd-43d20b94c92d,권다은,1999-08-04,Female,25,경상북도 곡성군 79로 41
4b6ee87f-6532-446d-ad46-82d1a11b209e,송예준,2022-10-11,Male,2,경상남도 청도군 64로 88
f4742535-7bbd-47ac-8fab-133e5081682c,서예린,1980-05-20,Male,44,충청북도 영월군 30로 21
5e05af66-c8c6-4395-b78c-3302aae6b649,허지환,2007-02-20,Female,17,울산시 북구 59길 77
3210fe63-a5eb-4ec9-a8f1-4e0cd3687698,전시은,2013-01-26,Female,11,강원도 합천군 39길 60
eb36871c-7dd2-44b2-b8c1-c14beaa68f67,손은서,1968-11-23,Male,56,충청남도 영동군 92로 82
72e84123-32cb-456d-9e3f-921bbdddee33,신서진,1983-05-28,Male,41,충청남도 음성군 75로 23
e6f23893-b219-41e9-aec9-1813ff69d69a,유윤서,1993-09-18,Female,31,경기도 고양시 70로 22
19ed3703-72ad-46f1-8ffc-19025e62e9e5,한지윤,1975-10-09,Female,49,세종시 세종시 06로 18
6f0fa3f2-bb67-4c54-8f13-ee9e65df0358,오승우,1994-01-20,Female,30,울산시 북구 52로 34
2c940283-e603-4a30-b668-df547cd3830d,백건우,2016-02-13,Male,8,전라남도 고창군 48로 73
80af7620-9202-4b6d-8ea4-8d6fa8289453,정유나,2001-12-21,Male,23,충청남도 옥천군 49로 01
34ba6e50-5f8d-4877-9eab-954614a027fd,오지훈,1962-02-12,Female,62,울산시 북구 89로 40
a3599699-94ed-4699-aaf5-5824a23abb0b,안하은,2014-02-16,Male,10,전라북도 예산군 16로 80
7fc0bb03-3f92-45c4-ae64-d93d3abdb8f2,황예준,1985-03-05,Female,39,충청북도 평창군 25로 01
cdf12f94-6a0a-474b-86e1-9e0559c4c1ae,윤은서,1994-09-05,Female,30,경기도 의정부시 38로 39
53069670-980e-49cc-bc01-9a2e964b53f2,우윤서,1995-07-32,Female,29,광주시 서구 63로 47
d199ede5-aeed-42de-9f6a-fefee4521e7e,황은서,2017-08-18,Female,7,경기도 이천시 71길 40
d4a69ac7-3e2d-4ffb-86a7-cbe897cbda94,우소윤,1981-06-10,Female,43,부산시 동구 81로 31
c37a0450-1cc7-42b1-bdec-aa4b39f8ca00,황승민,1991-11-23,Male,33,경상남도 예천군 14길 14
7c1096bc-65c8-4835-ad9c-c554073abd3b,안유준,1993-12-02,Male,31,광주시 대덕구 67로 02
bca70071-66f1-493d-ac91-f3671ca2b608,한유진,1967-08-01,Female,57,강원도 진주시 04로 47
e5a6632b-1e10-4d81-ae26-15546431b345,고선우,2007-05-12,Male,17,대구시 남동구 94길 60
c23b281f-7377-4c08-8c8e-ef256e34443b,송하준,1972-09-25,Female,52,제주도 제주시 89길 29
f260b77e-1404-45f3-bb6d-ed0405e383b7,박지윤,1990-09-21,Female,34,인천시 북구 59로 51
b01298cf-03df-4ccf-99aa-83c571cc7c8b,구지호,2016-05-28,Male,8,경기도 부천시 37길 44
9d53085b-7c99-49f2-9274-4414be3a9b4b,권서윤,2010-11-29,Male,14,대구시 동구 65길 39
dc5929e1-d628-4166-ac03-7cdcd7b6522e,권채원,1960-03-13,Male,64,대전시 광산구 38로 80
46465254-f641-457d-b80e-222b50444c21,신하준,1967-08-06,Female,57,경기도 광주시 27길 46
65d80796-40af-44a4-adeb-dc6a073d1458,신지아,2016-05-27,Male,8,전라북도 보령시 92길 80
f5880b1e-de41-4215-8d1c-16c3a62ee8af,백하윤,2015-10-31,Female,9,세종시 세종시 49로 76
0632f1dc-be34-4023-a928-d91c57990ff4,서채원,1970-02-19,Male,54,인천시 서구 38로 57
7b2e3517-2147-4ea5-bd59-4ebe761822bb,류승우,1998-12-23,Male,26,대구시 동구 78로 24
83851ea2-4cbb-4198-8eff-c803e9043dcc,김하윤,1973-12-16,Female,51,충청남도 보은군 34길 96
57cb4599-c7c1-4bd8-a4f9-ac6a7f3c6b67,허현우,1983-02-08,Female,41,서울시 양천구 51길 72
88a47ebc-a371-46aa-9731-011c691884cd,우윤서,1991-09-15,Male,33,경상남도 청송군 27길 10
d96199d3-a67e-4460-996a-a128d9495e1e,문서준,2007-04-26,Female,17,부산시 동래구 05길 63
28498ae2-63c9-451d-a56b-394ecd886b94,전연우,1987-07-27,Female,37,울산시 북구 96로 42
67370008-4c6f-493c-b166-1c124e5c133e,임연우,1970-01-26,Female,54,강원도 김해시 76로 43
259b323f-a603-4f8c-a364-0ff7df87b612,조수아,1965-10-10,Male,59,대구시 연수구 92로 82
54686702-538f-4103-823e-cc0ee41d2ae1,하서현,2005-03-11,Female,19,대구시 연수구 01길 36
f9555164-da5f-4a9e-81f8-c331b44e2a82,신유준,1985-03-12,Female,39,대전시 남구 34로 09
bb2e1190-e5bc-47c5-87c8-dbba62bd07d1,류정우,1968-05-32,Female,56,서울시 강북구 55길 71
d88a738c-afd2-44bc-8071-b0db66b857ac,양건우,1967-11-04,Female,57,세종시 세종시 06로 57
e9a22825-945a-4053-970f-52a31cbc7932,임지유,1994-11-06,Female,30,광주시 중구 37길 69
8c623f9b-bf69-4001-9fc6-2a3e67571b0d,박지윤,1962-03-03,Male,62,대구시 연수구 08길 82
955b8a58-2865-48ee-83b0-d0b1d110561c,허지호,2000-05-17,Female,24,광주시 동구 51로 76
b2bbdef6-f687-4343-bf47-efe218a41253,심윤서,2013-07-20,Male,11,대구시 옹진군 94길 97
b290bcad-b4ef-4fba-9843-b301ba8b3425,차민재,2004-08-13,Male,20,강원도 함안군 20길 63
ce91c1a9-271e-4269-a6f1-bc2a508a3ae9,임유준,1969-02-27,Male,55,강원도 산청군 98로 08
deb82f9d-400a-473d-a0e3-bcbe1d2d5160,백우진,1971-05-04,Male,53,강원도 의령군 01로 01
d26e3865-605a-4e25-82a8-1cac3e15d29e,주은서,2013-11-30,Female,11,제주도 제주시 37길 11
b69608b5-4188-409a-aabd-ddebeb3acd5e,윤예준,2013-09-07,Female,11,충청남도 음성군 79로 47
cf1595a5-08fc-4bc8-9024-6f3a814bd0e1,정하준,2011-02-11,Male,13,대전시 광산구 79길 88
a16486d2-75cc-48cf-a8cd-b412d04bb685,정하은,1987-01-20,Male,37,부산시 부산진구 81로 21
24139976-d834-460a-a4d3-038bb16477a1,박시윤,1989-07-05,Male,35,강원도 합천군 44로 43
ad615377-eb2e-47b7-835c-fce21caa9fb4,조시은,1987-11-12,Female,37,제주도 제주시 11길 32
53335714-0587-468f-a559-bb7541daca1d,윤지안,1995-12-32,Female,29,세종시 세종시 87로 27
ea6ebf24-fc07-497c-b611-8af17c7125be,신서연,2006-08-09,Female,18,광주시 동구 10로 95
47e10482-5069-4d77-9383-1859eddb5853,고하윤,1994-12-16,Female,30,제주도 제주시 71로 66
f9c0c325-1327-41f7-a6c2-7ace2f3ce980,오건우,2018-07-10,Female,6,제주도 서귀포시 71길 01
0e093d4e-9053-4ac3-a192-5f1e7b34a56a,심승현,1992-11-30,Male,32,광주시 대덕구 37로 42
9b56eeee-404d-4747-afcf-1b429d8cca67,하준우,1978-04-01,Male,46,경상남도 청송군 25로 39
9677c8e9-c808-4581-a4ee-715b75f4a3f8,조도현,1986-03-11,Female,38,충청남도 단양군 31로 35
a5198a11-518f-4617-846f-0f0879848be5,장시우,2002-11-20,Male,22,대전시 북구 12로 84
36317db3-f202-427a-9b58-618f94001634,오지유,2019-08-10,Female,5,광주시 동구 18로 76
9808382c-332b-4c49-a471-9d031c3760e5,고승현,1966-04-06,Female,58,경상남도 칠곡군 40길 98
18924ecf-2644-4809-9765-7aabd0e6a8b1,송도윤,2014-06-15,Male,10,충청북도 영월군 70로 64
9f43346b-6375-433b-aa2c-152fdf8202ac,한다은,2014-04-22,Male,10,부산시 북구 36로 82
f2e14be6-a25d-4f5a-8d9a-0129103a1634,박민서,1982-06-21,Female,42,충청남도 진천군 70로 03
6292c1b9-731a-4316-9bee-4758e12102b7,곽승민,1969-03-32,Male,55,전라남도 정읍시 14로 69
c89ac3ba-6632-4079-9c09-fdeac6ec5876,곽채원,1963-04-20,Female,61,전라북도 논산시 55로 48
e4cc7348-466f-4407-92a0-b4883e806424,안준혁,1983-06-05,Female,41,대구시 남동구 88길 94
44c28f35-4404-493f-a7a2-441618c62621,박우진,1987-03-10,Female,37,전라남도 정읍시 66로 80
195e62da-e226-4b7c-aa6d-5adf52bf168c,임지후,2011-07-14,Male,13,충청북도 동해시 19길 45
7d9c022d-7263-455e-b7f1-3a02ecb59d45,홍소윤,2005-03-25,Female,19,부산시 연제구 75길 71
30e2f8c2-2f18-4086-a94c-7c3dd6c6dcbf,박은서,2022-02-25,Female,2,충청북도 평창군 44길 93
1086ac62-559d-4bd0-b4df-a3b8e1ef53f3,송시윤,1999-07-17,Male,25,전라북도 청양군 30로 10
8446b96e-6551-4346-a77d-0fe7743bcc1b,최시은,2017-04-01,Male,7,경상북도 장성군 39길 13
d2f6c469-949e-450d-9aaf-7da122e6018e,심승우,1992-05-04,Female,32,경상북도 진도군 04길 22
369fa593-03f5-440e-a67f-c3ac85270908,임하린,1994-06-17,Male,30,울산시 울주군 35길 99
ac9ef839-85bc-43e4-a9f1-d3a25a45af87,고서현,1996-11-23,Female,28,대구시 동구 82길 23
75a9e157-38f7-492b-9957-098be62a67cd,차우진,1974-07-07,Female,50,강원도 창원시 25길 75
a7b129d1-3685-4f49-94f1-649e6ce02d70,홍윤우,1960-10-24,Female,64,전라남도 장수군 34로 55
216cf6b4-6c35-462b-afea-52fc1ba26ffd,손소윤,1967-12-12,Male,57,서울시 서초구 44길 71
b8693f23-1166-45c7-a432-1d685a69365a,송채은,2022-07-07,Female,2,강원도 합천군 82길 16
597fe8a2-757f-453b-9264-bda95f2b0805,홍하윤,2005-05-11,Female,19,강원도 하동군 51길 19
1e861434-2ec3-4933-9ccf-324c0e76384f,신정우,2012-09-03,Male,12,광주시 중구 51로 66
cd63bab3-1d30-4ce1-a4e7-26ddb864bd59,임다은,1971-05-25,Male,53,강원도 거제시 27길 07
425ecb35-1b99-4ca4-adbd-e47ebd299766,남소윤,1960-10-26,Female,64,울산시 울주군 62길 77
389b5ffb-7325-46b0-a534-c55d5723abea,서도윤,1993-03-16,Female,31,대구시 서구 35로 73
0a3bab12-89e9-4c7a-b4aa-c31b7f2a71d1,송준서,1973-01-09,Female,51,전라남도 정읍시 46길 03
0bade45e-1ff2-442d-8c3d-b9d9fab2df71,안지우,2008-07-05,Female,16,광주시 동구 01로 29
47a05bb9-1030-4ee6-b401-aa0462e1133d,송서윤,2013-10-29,Female,11,전라북도 천안시 78로 89
a2435b4a-335a-4dcd-a918-e77e43403ff7,심선우,1965-11-08,Male,59,울산시 중구 76로 85
d53a1082-e546-40d0-8d08-1b61b226110e,임연우,2003-05-05,Female,21,울산시 울주군 54로 82
4960dd3a-d89f-40f7-88bc-bb8a6c9c526d,박시윤,1997-08-27,Male,27,충청남도 단양군 30길 75
61caf947-2af8-4c16-b29b-b49813a320c4,조지안,1979-02-17,Female,45,강원도 양산시 06길 57
ce1c565d-997b-4002-8a2a-dbdce5d867ce,김지유,1965-11-14,Male,59,충청남도 제천시 85길 22
814b7af5-eff2-417d-aaf1-eb4a36a3a18b,안소율,2000-06-08,Female,24,경상북도 장흥군 85로 83
c9372149-e274-44ab-9360-fa4d4d1f7d9c,임민재,1984-04-01,Male,40,전라남도 부안군 38길 16
b2f81d23-73c6-4b9f-97e1-3ad03020b84d,황건우,2018-02-01,Female,6,인천시 동구 27길 75
e6042d48-a940-4269-acbc-af8dd771029c,하지우,1985-03-10,Female,39,충청북도 정선군 36로 84
fc60e22f-8d4b-44f4-8e95-154a83b20926,우준혁,1968-10-15,Male,56,충청남도 증평군 24로 32
9d81fedd-956e-4151-9eba-7945a7da8c6d,허다은,1991-03-10,Female,33,인천시 달성군 52길 93
c2dea381-287e-4acd-920e-2354ac12ffb9,문지원,2017-06-12,Female,7,제주도 서귀포시 06로 52
2cb2f110-5140-4d61-83c4-55c64b9d0fbe,하예원,1995-05-21,Male,29,부산시 강서구 92길 59
b7fef9e0-33ca-4502-befb-29638ffca2f1,황하윤,1973-03-01,Male,51,제주도 제주시 63길 89
72017cb3-f08d-400a-acd6-4c80460fb338,송시은,1976-11-30,Male,48,전라북도 아산시 44로 38
ccfd2f85-9137-4fa4-af91-22a6a542508a,유지훈,2019-11-24,Male,5,제주도 서귀포시 07로 22
53c611ad-536c-4b66-adba-3587efa7ea64,곽정우,1979-07-05,Male,45,전라북도 서산시 33로 29
88f2b1ee-6340-49ad-876d-e2e79a713119,조지아,1999-07-22,Male,25,대구시 미추홀구 32로 55
114a1500-e24b-4da0-8e33-d5bf05c5a472,전소윤,1962-04-08,Female,62,울산시 남구 50로 43
46cbd6ab-4c67-4442-a2cf-5e96d0636d60,백도윤,1977-05-04,Female,47,세종시 세종시 80길 09
1f63dab4-89f9-4a42-b668-c42de6395fa0,장지유,2004-06-17,Female,20,전라남도 진안군 82로 19
1850aab5-2a37-4c50-b637-5c377fa7e319,노건우,1989-07-24,Female,35,광주시 대덕구 66로 75
62918ea2-4f52-4745-b78a-cb5ae7346e38,정지우,2001-02-19,Female,23,경상남도 김천시 22길 79
a4c260ab-89db-4aa0-929c-cfa9fc71b2ec,이시은,1970-04-26,Female,54,경상남도 봉화군 64로 14
464f7251-8035-464f-97fa-6dcc52321ebb,정시윤,1972-08-22,Female,52,부산시 남구 79길 22
916df159-9f80-42b7-beaf-adcc6254abf1,우준서,1993-11-30,Male,31,부산시 사하구 86로 86
656cc702-0372-4af7-b438-632296982a29,서승현,1986-12-05,Female,38,경기도 오산시 15길 83
7e1e5d38-74d1-4ca0-8ce2-9ed55899db5c,우민준,1979-10-02,Male,45,전라남도 무주군 33길 66
6a6091f2-be72-4d70-93e2-148fea047abb,임은서,1994-03-17,Female,30,제주도 서귀포시 44로 69
720a34c4-6dc3-4ebb-83f9-d1d4b8e768f5,최준우,2020-06-12,Male,4,강원도 의령군 09길 50
3064cd0f-9f9b-481d-b1f9-cffa28765652,정승우,2002-05-16,Male,22,서울시 중랑구 55로 02
2b82c72d-2fe5-455a-b96e-3939a286ba0a,유수아,1973-11-10,Female,51,부산시 연제구 99길 38
2f2abf65-5f3e-4a28-bb1c-a736feddd7e7,문민서,1962-08-16,Male,62,충청북도 평창군 32로 24
0f0674c9-6257-4797-a8d3-8149734d11cc,장하준,1978-02-11,Male,46,대구시 연수구 86로 48
56eafc4f-001f-45fc-903d-d820f9c5b90e,황윤우,2003-11-21,Male,21,제주도 서귀포시 82길 21
9123e3a8-cfd2-499a-94cf-efdb5b7fd3b5,황우진,2012-04-28,Male,12,경기도 고양시 51로 36
00b93a1f-eb74-4584-9143-3fd5984ed10a,강시우,1967-04-16,Male,57,강원도 밀양시 76로 10
d8f5d6ec-d568-44e6-a28f-41146510fcff,노정우,1983-03-31,Female,41,인천시 수성구 32길 83
7afcb166-9d2e-4ba5-aaf3-27f92d1b869c,조예원,2018-05-04,Female,6,부산시 동구 48로 78
ae0da7d7-8e33-4619-8f2e-928a10dc3486,임현우,1961-06-01,Female,63,울산시 동구 20로 59
e5ef5212-356e-4222-9832-cac3207c621e,임하윤,1987-02-19,Male,37,강원도 합천군 39길 53
2411070d-b2a0-48b0-81de-b6d4d1d13b26,서지환,1984-01-21,Male,40,부산시 동구 27길 96
0e4999a2-e23e-4c11-b2bd-8ff39fa4ff16,주채은,1994-03-32,Female,30,강원도 함양군 96길 77
7fde1a3f-94a6-40d6-bc30-a258418ba10e,배윤서,1984-01-07,Female,40,제주도 서귀포시 34로 59
576bf279-81b8-472b-857d-eb41228736e1,조민준,1988-11-20,Female,36,인천시 달서구 02길 24
d9eaa3a9-13d6-4f1b-b79b-8b2ca64fd974,최정우,1979-10-22,Male,45,강원도 밀양시 64로 86
e7e67829-feba-4efb-9440-b5e52e8186e7,장지환,1962-07-05,Female,62,경기도 가평군 48로 17
5755b2ef-c0b9-46bf-9944-d241b85346c5,구채은,2001-09-11,Female,23,서울시 관악구 05길 95
cbc7bf89-a80c-4b2f-b343-4e0c26fd4fde,남서현,1975-07-12,Male,49,충청북도 정선군 25로 09
9267d2eb-01a0-494e-9809-7e5fe501ee3a,문승민,2009-07-07,Male,15,인천시 북구 13길 66
af12a01b-0984-4e29-9fca-066af7556215,김준혁,1963-02-22,Male,61,전라남도 김제시 32로 16
2a9e09f6-c644-4140-bd24-875255a22977,신선우,1988-09-23,Male,36,전라북도 천안시 39로 77
c9b1b0b3-36fe-4d3e-a980-f2d0ff6c3716,이예린,2018-11-03,Female,6,강원도 통영시 41로 63
ffb44e42-7716-4944-a98a-3c257ce5676f,임유진,1960-04-21,Female,64,경기도 하남시 87길 32
68c49642-2ce3-4072-ab8c-a269768cf6f7,하유준,2003-07-07,Male,21,충청남도 옥천군 56로 75
36032863-1133-45f8-8d6e-c16e8f716c83,김지훈,1971-06-03,Female,53,경상남도 경산시 33로 16
3b510995-d439-45e1-8eed-4c98439c912b,주정우,1988-03-14,Female,36,대전시 서구 23로 01
fd1fe097-e249-4d76-8ab4-7702b3e93dfe,조다은,1964-11-25,Female,60,대전시 서구 71길 76
033a9ec8-05a8-4536-ba87-0344b8d3a3b1,강하윤,1997-11-30,Female,27,세종시 세종시 89길 94
66c6ffd5-ba90-4374-8493-9cc37b045f2a,김우진,1991-12-16,Male,33,울산시 동구 43로 81
d705ca4b-5a70-4d7c-a71f-8e102b36d928,하시은,2021-08-20,Female,3,강원도 남해군 13로 66
43ebb4d2-83b9-468a-8d95-8f3cba0c9e96,양하린,1994-09-20,Female,30,경상북도 광양시 67로 64
5330795b-b3d2-4aa5-996f-733ee02ce35a,신다은,1976-11-05,Female,48,세종시 세종시 38길 04
018aeac5-2f0d-404f-b226-cd8776fac7b5,문지유,1976-10-18,Female,48,인천시 북구 80로 18
d532adbb-4b81-4267-a104-879232335d8f,주지후,1998-01-12,Female,26,충청남도 옥천군 27로 68
73b90415-b21f-44a2-b604-c147a55324a9,윤하린,1974-01-31,Male,50,서울시 노원구 30길 65
77e28be3-41b8-4380-b710-e11cb4515273,정예준,1972-08-17,Female,52,전라남도 익산시 24로 60
cb9f3028-ab12-4bfc-9a99-929da3ae1183,전준서,2015-06-15,Female,9,서울시 중구 37길 27
ca136e13-2366-46e6-ad34-63573bb0bfbc,허서현,1967-11-14,Male,57,광주시 유성구 41로 92
7145e4a3-899d-4d91-b4b0-08b4d0caef76,우주원,2017-03-23,Female,7,경상북도 진도군 63길 93
761fdc23-fccf-4c27-abe0-62d0d5803cea,하도윤,1963-05-22,Female,61,인천시 달성군 19로 17
d814001d-e5c7-477d-a36b-1cd9aa514a5b,홍도현,2012-08-12,Female,12,경상북도 구례군 52길 94
27c3c842-1f86-49c2-bcd8-f39c63151e4a,윤도현,1982-04-01,Male,42,충청남도 단양군 70로 90
a1ace516-39a6-45d0-85fb-e5a1560ba7b0,정예은,1989-10-31,Female,35,충청북도 화천군 76로 40
2f35644c-ed0b-44cb-a517-6aaf5b60abed,임서연,1988-11-03,Male,36,울산시 북구 90로 48
89c532a5-a5ee-4a2d-8396-745d649336dc,고준우,2021-05-17,Female,3,강원도 거창군 08로 50
fbdd25d4-d228-401a-9553-401eae85d301,고서아,1968-01-28,Female,56,전라남도 군산시 67길 86
3424c7c3-4d33-4f38-b139-c06eeed03037,오지훈,1968-07-25,Female,56,울산시 북구 37길 94
04101adc-3ede-400d-b073-1e920ae63805,우지원,1985-05-16,Male,39,대전시 남구 40로 20
1bfe18f0-80fa-4ec5-b694-3c19ce9d103e,송서아,2005-12-04,Male,19,경상북도 화순군 12길 63
ed76d1e9-763e-4258-8fec-8d33e603f11a,성승현,2015-11-29,Male,9,경상북도 진도군 51길 62
3ffbdfa2-c2b5-46ee-bc15-f07569771db5,정서현,1969-02-03,Male,55,서울시 광진구 34길 68
70588f01-6975-45a6-8f57-009f7847ab35,주지아,2006-12-30,Male,18,세종시 세종시 67로 84
d2722ce2-0a79-473e-8260-4618b48b06ef,황선우,2011-12-31,Male,13,인천시 서구 19로 74
d6dcd56e-0889-4437-995f-e162930b363d,권유나,2006-11-13,Female,18,경상북도 곡성군 12로 40
9b5c5761-bfd5-4e16-9c53-1bc3e3f035bd,박서진,1998-07-14,Male,26,인천시 북구 87로 55
17b1819a-39ba-47ef-ac25-aa48c5115ae9,성시은,1968-12-17,Male,56,경상남도 울릉군 25길 54
277fefc8-84ae-4e3a-be0b-d1f04c5fa51f,이소율,1993-09-27,Male,31,강원도 창원시 55로 95
687a89bf-eddb-41ac-85bd-5bc4d7a9f032,임서현,1972-04-26,Male,52,세종시 세종시 83로 70
90d12fd7-914b-41dc-a8fa-4e138d0f4610,곽도현,2017-06-10,Male,7,전라남도 장수군 77길 07
49559b33-45ca-4a94-90ee-451fdecb5b94,남서현,2022-06-19,Male,2,대구시 계양구 88로 91
5bbb7164-2937-4fb0-a6a1-9aced920d992,신서연,1977-04-23,Male,47,제주도 서귀포시 53길 48
da8fd015-e9a8-40eb-8c72-a77da5b01197,하서진,2008-03-12,Male,16,광주시 서구 13로 50
fbb3ef89-1979-41f0-a105-aa66da4dbea3,안하윤,1964-09-10,Female,60,경상남도 영덕군 46길 42
f5514cce-bec8-4b17-adc2-b11de04de6d5,문정우,2011-03-13,Female,13,세종시 세종시 64로 20
3d69a0af-0b4a-4e54-8a33-785f179aff6d,홍민서,1971-06-20,Male,53,인천시 서구 24길 26
3b98ba48-dc90-4f95-9f5b-d62efabeebdd,조서아,2005-06-29,Female,19,경상남도 의성군 65로 11
50c17cd8-b188-4755-8cc7-495d7ae68aec,유하준,2012-09-01,Male,12,경상남도 군위군 60길 73
bc61fd88-2854-45ed-88bd-ab750793dddc,노민서,2011-08-03,Female,13,세종시 세종시 99로 31
f48e8083-5d4b-41e6-b318-d5bf3805c2e1,강도현,2019-02-26,Male,5,울산시 동구 10로 15
cd2a3a73-ad56-4449-adbd-92f3e9591615,조예린,2013-08-01,Female,11,부산시 사상구 37로 44
fd9a5834-83ea-436b-aee9-f029a672b017,신주원,1972-04-22,Male,52,인천시 남구 68길 92
fe96b538-da99-45ef-a626-10320629199f,김시은,2003-01-13,Male,21,광주시 대덕구 55로 46
ddad9cba-d651-4b9e-8582-6b85bd938af2,이준혁,2006-12-15,Male,18,세종시 세종시 72로 16
8d2ffc17-e66a-4f49-81a3-d6a7f3427dc0,심유나,1976-02-27,Female,48,경상남도 울진군 44길 03
6da458a7-edf0-42ce-9c82-f99e667836ff,심준서,1992-01-13,Female,32,대전시 동구 24길 31
7738d0f9-a727-4b99-bc86-350b580ea69e,주지호,1967-07-27,Female,57,제주도 제주시 01로 98
bcb045d5-e924-4277-a8ab-ebf5eb5b16e5,황유진,2007-09-09,Male,17,전라남도 장수군 93로 19
0f5a878e-5778-4706-b7fb-3c95765ddb4e,장건우,1964-07-02,Male,60,서울시 강동구 76길 25
dac2c4ee-aca4-441a-857d-0491855eb328,임건우,2011-02-23,Female,13,충청북도 인제군 47길 16
79204f25-d30a-4bcd-a16e-c0893d251e78,김건우,1977-11-19,Male,47,울산시 중구 83길 22
7129e068-7423-4bf5-af50-420b7286f41c,차채은,1965-01-03,Female,59,충청남도 괴산군 13길 83
61708f16-027a-465d-996e-672a12f255f5,황준혁,1973-02-27,Female,51,전라북도 계룡시 12로 77
407b7f9e-6543-47ec-91f0-96b63b98ae72,황지훈,2004-01-15,Male,20,대전시 동구 66로 12
05f6b7f5-33e4-40cd-b453-615f0e12b6d6,주지우,1993-11-19,Female,31,울산시 동구 91로 54
1e4a34bc-0edb-404f-9d7e-1b046330fde7,윤승현,1961-09-10,Male,63,부산시 금정구 40길 68
ad5640df-973b-482f-8809-97ccec0574ec,문준혁,1975-02-10,Male,49,충청남도 영동군 74로 44
200dcacd-0501-4a41-895f-ca70637216e4,차민서,1970-02-19,Male,54,세종시 세종시 67길 17
dc2df554-2500-4d27-9330-c6cc1a545d6d,양민서,1995-02-10,Male,29,강원도 고성군 66길 06
2198975f-b9e2-4363-9e46-4330ed8c8ee1,류유준,2017-04-31,Male,7,부산시 남구 62길 98
05938642-387e-40f1-838b-c3b1e3f3a73f,남우진,1998-06-20,Female,26,대전시 남구 50로 83
30963b71-22fd-4b1a-84ad-6e6808a03d94,남지우,1989-12-03,Female,35,경상북도 영광군 76길 98
298637b1-76d6-48b3-8701-765dc792733a,정은서,2015-10-07,Male,9,경상남도 구미시 91로 87
848dfece-460d-44f7-8d30-b7f917c60ba9,윤시은,1981-04-02,Female,43,강원도 밀양시 66로 81
3820cf75-2d20-4240-9b64-25fd028e3b98,하예린,1987-01-16,Male,37,경상북도 영광군 35로 97
f949e150-da61-48b9-b397-306c79befaf1,고윤서,1975-05-16,Female,49,충청북도 고성군 37길 74
f854f7c9-54c9-4e05-be34-4600b7ea290c,황은서,2018-01-08,Female,6,부산시 강서구 99로 73
fc0c6534-b939-4b10-bb82-1384237fc604,한서아,1972-04-14,Female,52,부산시 서구 74로 87
cdc23ccb-6a9f-4bb5-bb08-d3f9a5354c58,심지원,2010-10-10,Male,14,전라남도 남원시 97로 08
358f8a53-98be-4304-8a0b-4732c7c49aa4,조민서,1981-02-23,Female,43,인천시 북구 25로 18
b455c193-f704-491b-8aac-592a7c5c056d,허서준,1975-05-02,Female,49,경기도 성남시 78길 24
94a1af2c-21a1-4b50-a2d0-6f2bec2ae579,임승우,2022-07-06,Male,2,부산시 사상구 17로 20
2e0d95ea-aa80-4bbf-a198-8693d4517d7e,홍도윤,1974-04-19,Male,50,경기도 군포시 47로 05
7fe42c8c-2161-46b0-ad55-213490395de3,윤시우,1967-05-29,Male,57,전라남도 정읍시 10길 80
0b5343ea-04cb-4bb4-9b32-5b891c4cd845,정준우,1985-03-04,Female,39,전라북도 보령시 50로 02
354a0c78-fa0c-40f3-ab5d-e60443c42f5f,임민서,2015-01-14,Female,9,전라북도 부여군 52길 19
4acf6ca8-b6bf-47ff-a40d-18a0eb6d0e93,우지민,1963-11-11,Male,61,충청북도 춘천시 40로 82
56410aad-9849-449c-a056-7b361a72114a,안지후,1972-07-20,Male,52,전라북도 청양군 38로 80
cd4142d2-71d9-41d2-995d-f6385a5c8053,손유진,2006-07-25,Female,18,부산시 부산진구 02로 49
3ce5fb0c-00f4-4f8f-a93c-554e9864be24,김서준,1962-07-19,Female,62,충청북도 평창군 34로 02
aa646a68-40d9-4625-a3c4-7cf6e0f2fe73,곽수빈,2022-09-20,Female,2,경상북도 보성군 18로 82
142a4e11-ded7-4641-8821-325041aa3bc9,송시우,1978-05-14,Female,46,전라남도 익산시 19로 29
1bf01d97-ef00-4e04-8cb7-96bee74474a4,심서현,2020-02-02,Female,4,대전시 광산구 50길 02
bee0c25d-e6a8-42ad-af6c-76080bb11973,임유진,2020-04-07,Female,4,전라남도 정읍시 43길 51
ab883aeb-c793-456f-81fb-f4b672591978,장서윤,2012-12-02,Female,12,제주도 제주시 64길 72
9393b129-948a-4e9a-a080-ccb157799b84,권우진,1966-06-27,Female,58,부산시 수영구 07로 81
a772b257-a3b3-4045-be8c-02974336ab49,양수빈,1968-12-14,Male,56,전라남도 완주군 45길 78
77b3c977-95af-4b63-8e53-6fa69ab359c5,오연우,1966-02-22,Male,58,전라남도 순창군 18길 92
d3c0e207-84dc-4455-8301-6bfb235ecc25,문서윤,1997-09-07,Male,27,전라북도 태안군 65길 49
4d35419c-1c55-4dee-9269-ef5f2b95de30,곽시은,1973-11-27,Female,51,경상북도 나주시 94길 47
9f2ac42a-f099-44da-b397-4fa8837d7888,문준서,2018-05-24,Male,6,부산시 동구 27로 73
41c1d198-2f06-4498-9bba-041d921028bb,안시은,1967-07-05,Male,57,경기도 김포시 88로 80
6fae475f-b843-47d5-a984-ac14d2a9d0ec,성시윤,2022-11-08,Male,2,광주시 대덕구 04로 27
5c2f58fd-49e8-4b12-a11d-bab63f9244a5,이예준,1995-11-21,Female,29,충청북도 고성군 35로 94
d32711b9-b96f-4cb8-bb31-b020b5533be1,안윤우,1995-10-06,Female,29,울산시 중구 65로 63
e1bc1e8c-17c3-4a86-8f9d-3ff41e160d09,우서연,1993-06-24,Female,31,광주시 서구 28로 24
173dbeb5-8ec1-40d9-93c2-d1239bcc2ebf,정주원,2022-05-14,Male,2,부산시 부산진구 68로 47
1cfbf294-5f05-45b0-a2e9-05836554960e,허시윤,1984-05-02,Male,40,대구시 미추홀구 76길 88
d485a89a-1f7a-4307-9523-0414ce42ae77,정예원,2010-06-30,Male,14,경상남도 봉화군 23길 18
0eb62d9c-4296-4895-b6f1-646f9613bd31,배하윤,2013-02-26,Female,11,대구시 연수구 07길 71
adb838b7-c0e9-4d9e-b11c-91ea3b28b331,성시윤,1989-01-02,Female,35,세종시 세종시 22길 48
6ccd0422-a209-4f3f-a4ab-911b47cb6652,임지유,1992-11-28,Female,32,강원도 합천군 62길 96
86293103-ea69-47c6-b6e6-f0b0fa6a4232,성수아,1966-02-28,Female,58,전라남도 진안군 15로 62
a1b84e09-affa-4cbc-bdc3-0004322d004c,임서현,2010-09-02,Male,14,울산시 동구 90로 12
db37495d-19e9-4040-9c55-adf96eed6877,정예린,1964-03-20,Female,60,제주도 제주시 48로 34
7236aa1e-1dd8-4296-9c0c-17739767ce16,유지안,2007-03-06,Female,17,대구시 서구 97길 93
6bf2d726-51e4-4c6e-8678-d3c83a2273c0,유지우,1992-08-01,Male,32,인천시 서구 74길 26
1eaf825c-28b7-4c1d-b6c9-76300be1bdb4,우지윤,2016-02-18,Female,8,전라북도 당진시 60길 29
85c9449c-0ef8-402a-b453-4af5d802d71c,유우진,2002-06-18,Male,22,대구시 계양구 41길 43
9a2f8d42-e0fc-4dc6-b822-64b5b79bb576,신준우,1983-01-27,Male,41,전라남도 무주군 72로 38
a234a565-f4b1-4a1a-8d57-0927c3a29fd4,장예은,1990-10-10,Female,34,전라북도 천안시 42길 91
0c8069ec-d32c-40c8-b130-c8dad56df6ec,장하윤,2016-04-26,Male,8,울산시 북구 11길 10
26cf4ea0-4112-42b2-89fb-fdc854c0afc3,배승현,1963-10-04,Male,61,제주도 제주시 98로 99
d8d36b8a-5729-48cf-8f74-697191f16137,문서준,1964-11-24,Female,60,대전시 동구 51길 90
196d5fda-34f0-4f3b-b672-3826962f8cff,오채원,2007-06-21,Male,17,경기도 양평군 02로 28
9e62eaa2-d0be-4ad8-8962-177350198464,구지환,2004-07-25,Female,20,경상남도 안동시 52길 19
cd7853ee-b2ef-478a-a55d-661e161bb6ae,남민재,2020-01-04,Male,4,광주시 서구 89길 49
4d3116e2-1514-465e-9d48-70f5a8807852,박서진,1978-09-03,Female,46,경기도 포천시 41로 53
6bc797b7-f3cc-4605-a74b-53f3cf9a26b6,차선우,2002-04-08,Male,22,울산시 남구 87로 67
17b579fa-d37b-482b-8091-aae8f2a663da,이지훈,1969-11-19,Male,55,제주도 제주시 71로 82
7c607c5d-9918-4fbd-adc2-4356d5602c90,노민서,1983-03-32,Male,41,충청북도 양양군 01길 80
1a4c67db-e251-40eb-90fa-0604362e95f7,최지민,2005-10-08,Male,19,충청남도 옥천군 70로 85
b499516a-1155-40bd-8853-9488591f4296,서승우,2008-01-28,Female,16,부산시 사상구 21길 44
a95cd2fb-c243-458b-af41-d62b7d172ab5,김하은,1987-04-18,Female,37,경기도 김포시 65로 83
8da44601-d685-4c20-b9b9-8ed3501fd310,정도현,2005-06-25,Female,19,전라남도 진안군 50길 02
c26744b2-adbd-4a71-8951-87cb06950a65,문서윤,2015-08-08,Male,9,경기도 양주시 86길 47
bf3854e6-fc49-48dc-b3fd-23884cee9bae,황주원,1965-02-07,Female,59,부산시 남구 69길 50
3009c091-ebcc-42de-b087-30d6397d0a16,박서연,1963-05-02,Female,61,부산시 영도구 72길 41
9f12f5f9-a017-4edb-8deb-544e8de9f7d5,손준서,2009-01-04,Female,15,경기도 수원시 81로 82
02e3fbb8-9792-4a94-b36b-69ebffe648dc,문승현,1970-10-13,Female,54,경기도 남양주시 85로 37
c41b7ae5-53d7-4e01-b50d-930bf16e99be,주서준,2017-12-07,Female,7,대구시 강화군 13로 82
50e516da-8e3a-4d95-9e76-2671a18a4990,권다은,1988-04-08,Female,36,강원도 창녕군 88로 68
52b05ded-79db-48eb-9b53-b79533c85a62,이윤서,2003-11-20,Female,21,전라북도 태안군 82로 02
92b6070b-23a7-4342-982f-95d1df84f2a8,정정우,1998-08-16,Male,26,제주도 서귀포시 08로 39
9a4e7523-c8b8-48cb-bf93-65a958be1c17,정서준,1988-07-06,Male,36,경기도 안양시 86길 32
d72b5461-b522-4169-b76a-62ff522ccb83,주윤서,2006-12-31,Female,18,경기도 고양시 71로 30
f34c48da-fa49-409c-a819-3af3fbbf6308,송서윤,1960-09-09,Female,64,대구시 연수구 19로 50
ba464e36-bc0a-4554-9cba-036e8e889828,박소율,1996-02-01,Female,28,부산시 수영구 51로 87
86b41f7f-b9a8-4ecd-af0a-e3cb33b96381,이소윤,1985-10-32,Male,39,대구시 강화군 52길 80
e6a8a699-beca-4eae-bbe0-8dc58316578c,신승현,2018-05-07,Female,6,광주시 대덕구 85길 02
6123be90-1e62-451e-b4fc-ec27ac3c9f60,문민재,1984-10-27,Male,40,울산시 중구 97로 52
3c95124d-def2-403d-a55e-77d75fa30992,신서준,1994-04-04,Male,30,경상북도 함평군 38로 76
bce7cf7c-abe0-4d76-9c86-c8d5b5b99c2d,황현우,1962-02-08,Male,62,경상북도 광양시 54길 64
205f7b42-bcc1-40bb-a5e1-bc187958ff63,권지후,2001-10-25,Female,23,울산시 북구 72로 53
c66b686f-0952-44d1-ba8f-68d20c5d78a5,양하은,2006-04-28,Female,18,충청북도 동해시 28길 56
cd8c8ee4-01e5-4dcb-b3a7-36f73284639f,박선우,1993-09-23,Female,31,서울시 동작구 55로 90
ec69a7dd-21dd-4c83-8bad-a216afd8f7bd,서연우,1981-06-10,Female,43,경기도 평택시 08로 22
c80287a0-978e-45d6-aa08-076abde46609,차현우,2006-01-17,Male,18,충청북도 철원군 79길 77
df9751c0-0edc-4907-a582-dda5d764325b,류다은,1980-08-22,Female,44,경상남도 구미시 99길 35
6505a55c-ffbf-4a64-b005-abb6b7e8ab4a,손선우,1974-07-02,Male,50,충청남도 제천시 59로 64
8171a89a-de19-4011-94cb-552140cac4a0,차주원,1976-10-29,Female,48,제주도 서귀포시 94로 34
ebdfbd29-1225-4411-a61e-74054add1210,강현준,1980-11-23,Male,44,세종시 세종시 15로 77
a37a4e6e-58c9-414a-87fe-14f119c60981,류지윤,2001-02-07,Female,23,세종시 세종시 85길 84
7a53e432-76f7-44f0-b4c1-cfb0c556e013,정연우,1970-04-07,Male,54,전라남도 장수군 05로 40
93302372-2866-4452-a63f-ecb47ebc7d25,황주원,1980-04-28,Female,44,울산시 울주군 36로 37
291fdea6-45b3-4aed-b64f-df761f963741,배지후,2013-09-31,Male,11,강원도 하동군 46길 97
a4164835-aa3a-433a-9afe-db3322b89045,송지우,2002-11-26,Female,22,세종시 세종시 84길 69
ac08e2d2-27d0-4db5-8024-76d8e574c607,백민준,1978-05-02,Female,46,충청북도 철원군 10길 26
d7b84397-f862-4169-b297-0ac3d0d50038,장소율,1991-02-12,Female,33,경기도 과천시 10길 04
03db1004-d223-4850-b8d7-3d56b0e50b45,허지안,1992-03-17,Male,32,전라북도 태안군 68길 34
49fff8fd-ff76-4eed-afd7-96f34364bf9e,백수빈,2015-02-25,Male,9,광주시 유성구 22길 50
61c9a84b-beb3-41e5-9676-62061668825a,홍서윤,1963-03-12,Female,61,광주시 서구 70길 19
8951dc8b-a2c5-4af0-95fe-4353b3b40332,황은서,1973-04-10,Female,51,경기도 오산시 09로 56
7ef1b34a-2d03-4693-b043-ace374eb694e,홍현우,1989-06-11,Female,35,충청북도 양양군 48로 03
bd0bd8a4-cd14-4924-bede-e0fb74a392e8,차지호,1970-02-02,Male,54,대구시 옹진군 55로 22
1abf362f-cd3e-43d0-a505-d771eaf1ad74,성지윤,1971-06-12,Male,53,충청북도 속초시 01로 45
061a872d-4981-40c6-93e2-d78f31456099,서채은,1977-03-10,Male,47,전라북도 아산시 45로 11
ba263c53-689e-4512-80ec-ce3e582ba335,배수빈,1969-07-20,Male,55,경기도 용인시 30로 66
f6542d9b-b267-4b9a-bf65-57dd3c65c11b,윤유진,1994-05-04,Female,30,광주시 대덕구 76길 12
adea721d-d704-4a95-b2c9-e2d607b9ede4,고주원,2020-02-10,Female,4,경기도 용인시 27로 84
b7ebe018-20b3-4be0-8174-2d9fc033ab0c,강연우,2000-09-05,Male,24,경상남도 울릉군 25로 27
e75fcdc6-59bb-4f67-bf98-fb52bcee0a98,신시우,1985-05-15,Female,39,경상북도 곡성군 84로 88
e69b2e11-90f3-47df-b5ad-b9cf06270286,구채원,2018-05-15,Male,6,대구시 옹진군 89길 57
6dc4d2b3-5786-4f3c-9000-c3c037bf426a,신민재,2019-06-11,Female,5,광주시 중구 20로 77
b4f9a3f2-47ec-48b7-95ac-e6c2b9956189,고지윤,1971-03-09,Female,53,제주도 제주시 81로 46
46688512-dd61-417b-8090-ae2d24b5ae83,최지호,1992-02-13,Male,32,충청북도 화천군 92길 34
e391d915-0c44-427f-97f8-f61771ccbffa,홍예원,1961-11-24,Female,63,인천시 달성군 74로 74
95dc143a-e9ce-4866-814f-0f887868071c,최서윤,1999-07-07,Male,25,제주도 제주시 61로 71
66d58c41-a634-450e-8143-7297b91ccf6b,백예원,1974-01-08,Female,50,강원도 합천군 18로 38
916097ed-6d2a-48f8-ab8a-30b26badb87a,오준우,1974-02-26,Female,50,충청남도 진천군 54길 07
919e423b-01e4-40e7-95d9-58938cfe84e3,유윤서,1960-05-18,Female,64,충청북도 양양군 44길 15
a8ed0e9e-6a42-4d29-8501-e03059dfd032,임지환,1963-10-12,Female,61,강원도 고성군 06길 74
7b17b9d5-5328-4094-8d5f-cc10060b06e0,임예준,1995-12-08,Female,29,경상북도 장성군 69길 29
66609f15-1453-491a-bf58-240bf1d64797,임소율,2002-04-24,Female,22,전라남도 김제시 23로 18
9f05a22b-d49e-4875-bbd3-d224e34c3370,한지우,1965-10-15,Female,59,대구시 연수구 95로 17
c4fa0361-13a9-4b91-ad6d-1c1496a4f1e6,윤채원,2000-10-05,Female,24,전라북도 보령시 55로 12
d70ed369-cc71-43e0-9b1e-8c91c264bdd6,송다은,1962-03-18,Male,62,서울시 동대문구 32길 74
f7798bd1-b7ad-481d-9d19-2c67e85335c7,홍하준,1969-03-16,Female,55,인천시 중구 84길 86
d396d264-ba6d-47b3-ae56-4cd87cf9d72f,신승민,2004-08-22,Female,20,부산시 동구 26길 59
fe22e4c3-c936-4071-bbe4-ff6810fcd79a,윤채원,2012-07-14,Female,12,광주시 대덕구 81길 22
3c573723-37cd-4759-973e-469db50c58a4,임시우,1998-06-22,Male,26,충청남도 옥천군 95로 07
230a14d0-9480-4d8a-9955-69586f4ff0f0,문지안,1965-08-17,Male,59,대전시 광산구 76길 09
c0261637-6c9d-4cc7-b241-2fe69e03e94e,임현우,1968-06-29,Female,56,부산시 동구 12길 51
87573497-2a68-4b89-882d-3e314ecfbda3,임시은,2009-07-22,Male,15,인천시 동구 85길 60
026f7cb2-72be-429d-87cf-9d0a3cdf611b,신건우,2020-03-32,Male,4,세종시 세종시 90로 19
1be8add6-ff5e-489d-ad1b-ecd7ab264ad2,백예은,2010-12-01,Female,14,울산시 중구 01로 50
7fc04ba9-0def-4cd2-8ac3-8a1bcdeeaec8,유지호,2018-06-02,Female,6,경상북도 여수시 62길 17
3b1c02e2-7476-41d4-8321-91f8d224c7ee,정도현,2011-10-31,Female,13,경상북도 담양군 03로 41
d670e221-aeac-4c6f-9d19-6261391afd35,배하은,1979-06-09,Male,45,경기도 광명시 47길 95
2f829f39-a0b8-44f1-8f92-ee75d6ce4bfb,손승민,1985-05-16,Female,39,대구시 연수구 27로 55
e0b229b3-f04a-4b34-89b6-339302fc18bb,노민서,2001-07-19,Female,23,세종시 세종시 73길 77
8000e2c6-912f-43fe-83ef-03287483a45c,권하은,1994-04-20,Male,30,인천시 북구 16길 36
5073f2d8-5945-4d87-957d-9b33669ba83a,성수아,2005-03-16,Female,19,제주도 제주시 44길 42
b1306d86-0c67-484d-a2ab-449694f4c81b,심민준,1983-01-09,Female,41,세종시 세종시 78로 29
de8896df-12ec-41f6-8dee-59cb527b5e66,신준혁,1989-07-21,Female,35,대구시 동구 50로 10
aa4ed244-da7d-41be-9cd5-35bba3302e4c,양채은,2007-07-02,Female,17,서울시 금천구 81길 39
69e2f9ee-0bc0-449e-961e-fc34b713c0b7,임지안,1969-10-06,Male,55,충청북도 태백시 47길 15
a8392683-b34d-4f18-abdc-dc3a13b1961f,최승민,2017-01-30,Female,7,경상북도 무안군 41로 83
157b0563-ab96-4fb5-aa81-f7dedb61fb09,최서준,1969-06-23,Female,55,부산시 수영구 25길 66
ba9a252c-c552-447b-bda1-048865f0ff2e,하채은,2006-04-11,Male,18,충청북도 평창군 82길 01
e0678bc1-fb99-4984-8a21-41f5866aa468,하도현,2012-04-19,Male,12,광주시 대덕구 71길 43
6c9d1f1c-bcac-4395-b734-ae049ce52c93,신소율,1961-07-10,Male,63,경상남도 구미시 50길 48
3b2c9079-070c-4802-9fc7-6939bf857bf9,이지후,1962-11-19,Female,62,인천시 북구 24로 73
701b94ee-aed6-47ac-9494-987f69bced00,남윤서,2014-06-28,Female,10,전라남도 김제시 74로 03
7132107e-fee3-488d-9454-e236a03e56b2,조유준,2015-12-18,Female,9,전라북도 서천군 46로 27
c0d59b25-2ec0-428e-b2d3-506a16b2215e,안서윤,1994-03-28,Female,30,전라북도 공주시 86로 60
f787897c-6333-4fbe-b2a5-1bf35c98f299,하지민,1966-12-21,Male,58,충청북도 정선군 36길 33
fb625a5a-e8d2-45d1-8b6d-c95dae91322c,배선우,1993-07-21,Male,31,세종시 세종시 07길 93
b706165c-9780-41ac-812e-ba8344391539,남시은,1973-03-13,Male,51,충청북도 양양군 99로 75
335a71eb-a258-480d-9707-e2f90b526738,조승우,1982-02-17,Male,42,대구시 계양구 59길 02
fe681675-c14c-496b-a9be-b4f011ddd2b6,강은우,2018-04-21,Male,6,인천시 달성군 47로 96
8d08ea2a-abae-48ef-a220-4958c8e8437b,허유준,2017-05-04,Male,7,광주시 유성구 17길 52
31438a4a-b77d-425b-968a-92f7939970fc,노우진,1970-12-05,Female,54,대전시 북구 80길 32
8cc7d4cc-a638-49c4-b9fa-4774865cbf13,남주원,1998-03-10,Female,26,서울시 양천구 67로 19
7f87ad44-5b63-469a-9717-020a42485018,신시우,1987-03-10,Female,37,충청남도 단양군 99길 69
78e41fbb-d3b5-4042-86d9-b614d80d2263,허유진,1994-07-18,Female,30,전라남도 완주군 17로 81
390c3e99-d704-4022-a58e-d69ccc1a8d49,백주원,2019-09-30,Male,5,경상북도 무안군 15길 15
b65c5e38-3166-4fc3-a356-89684b76e816,전승민,2006-11-31,Male,18,전라북도 천안시 58로 17
6e535002-5f68-4ab8-957b-668cf9385579,안지아,2020-07-25,Female,4,대전시 광산구 97로 77
59c04bcd-69e6-4208-a5a4-f66326814241,허지환,1970-05-07,Male,54,세종시 세종시 33로 74
cc189042-4d47-4dcf-87f8-2f46609fb5aa,임예준,2009-07-25,Female,15,부산시 서구 45로 24
98e11aa4-70c4-4e5b-b5bb-3010b79ade29,우지훈,1966-08-18,Male,58,울산시 중구 28로 38
c6e69acb-002a-4348-bfdd-f05c778a52bf,최주원,1983-08-13,Male,41,경상남도 칠곡군 75길 48
b30bdd90-2951-4a08-bfea-3b134fc0dd4b,송서연,2002-01-04,Male,22,전라남도 진안군 74로 69
86892928-21bf-47af-bc9d-33b0634f2fbd,서도현,1970-07-04,Female,54,대구시 옹진군 16로 58
95abf5bf-3e19-4a58-8009-5cdecd42ef16,강선우,1966-12-16,Female,58,부산시 기장군 53길 54
de354f83-10c8-41bd-ae06-516dfd60d10d,주건우,1967-03-18,Male,57,경상북도 장성군 88길 51
92f17d10-bb80-4b2a-9433-20e44e6b3044,우서연,2022-08-20,Male,2,울산시 동구 33길 88
c993095c-a1c4-4227-bb93-b49876c190c4,박준우,1965-06-10,Female,59,인천시 서구 75길 25
b3e2d01c-6aa5-4b5f-8fab-4a9e52d86744,권지훈,2003-07-31,Female,21,부산시 북구 10로 72
af2be335-f12d-4812-ac26-67711bf8572e,남하은,2017-06-16,Male,7,경상북도 보성군 20길 93
195eb458-6464-4da4-9ced-163037b0cae0,하도윤,2016-05-07,Male,8,강원도 하동군 45로 94
5506bdce-65b2-4cc1-997d-037521b9e874,남소윤,1989-05-02,Male,35,충청북도 양양군 15길 76
91e73cb1-7415-49b2-84aa-fc23c1b0385e,한민서,1984-02-05,Male,40,경상북도 곡성군 16길 90
e0f6935c-61c4-4959-915f-849183243afc,배연우,1987-01-11,Male,37,전라남도 순창군 22로 23
6ab838e4-82c5-4652-8283-e5d32ea56ce5,한예준,1983-01-14,Female,41,강원도 사천시 24로 73
242d2d23-26db-4c39-a715-a288e6e5fd29,이현우,1986-08-02,Female,38,전라북도 금산군 90길 86
175d3a86-18e3-4651-8b24-fced37c34397,주지원,1999-06-23,Male,25,광주시 유성구 73로 91
33639846-5224-4b71-bfa9-3c623366e6ef,신유진,1972-09-01,Female,52,제주도 서귀포시 29길 82
18d0b68c-7d22-4616-bae4-deaf8b15f877,고하은,1969-11-21,Female,55,서울시 서대문 98길 81
7c510d67-4d5e-4eeb-a4ac-0d186c1c6bf3,차우진,1974-03-17,Female,50,전라남도 군산시 14로 49
83029426-de60-44e1-9504-54dd70694fa0,주건우,2004-10-02,Female,20,인천시 중구 72길 63
ebd3eff2-c287-41d1-a545-ae7a9e1bc49f,백예준,2004-07-27,Female,20,인천시 서구 94로 98
f0ab0d3f-096a-4067-8ff6-081a1e9daca7,구하준,2015-01-15,Female,9,충청북도 동해시 24로 62
dce65800-d55c-46f2-ba41-16b91fab48a3,차지후,1998-06-13,Female,26,충청북도 양양군 22길 82
49eb2361-72ee-4eac-874e-c9b850507280,백시윤,2011-10-32,Male,13,충청북도 고성군 40길 97
9204b0c1-36a6-495b-a942-3a101049136e,박예준,1960-10-18,Female,64,부산시 영도구 96로 49
dcc280dd-a412-46c3-b1b2-fcc8e9eab6da,문채원,1982-06-08,Female,42,경상북도 구례군 67길 09
1c566d27-0fe8-431e-9b23-c3a7dce93d6f,손도윤,2000-09-04,Male,24,서울시 구마포구 04길 70
54fa3919-d5cf-4db2-a6e4-8eb798f92ef9,남소윤,1973-01-31,Male,51,인천시 중구 94로 10
2e6aed75-1b23-441b-8da0-428edcfcd17d,서현준,2021-04-14,Female,3,경상남도 청송군 50길 14
b62c4eac-4881-4ab1-9961-b620cb236a51,권도윤,1979-01-19,Female,45,충청북도 강릉시 58로 17
0db0efa5-fa6d-4979-830a-b04ddc6eb339,차서연,1977-06-17,Female,47,충청남도 옥천군 03길 77
6f03ba62-2ca5-4241-b00b-dffacebfdba3,문지유,2020-09-03,Female,4,제주도 서귀포시 57로 05
b6c3f520-b4db-4af1-8a18-3c999fa070c4,남지유,2020-09-08,Male,4,경상북도 해남군 74길 15
ba8b16b4-328b-4d3b-822e-efa6a002f191,성은서,1967-03-08,Female,57,전라북도 서천군 38로 18
73b66a9f-9066-42a6-8cdd-690c23881463,권채은,1970-12-07,Female,54,경상남도 경산시 48길 73
ce40a686-2aa5-49b2-b600-1ac00c4f6dd5,서지민,2018-01-07,Male,6,전라남도 군산시 27로 45
e31c9717-b44e-4ccd-a035-4cc2327c22e2,신시은,1984-03-14,Male,40,부산시 기장군 52로 63
2e0a249e-745f-4110-9277-9bf0cae42c4c,강유진,1966-08-31,Male,58,강원도 창녕군 45로 49
691badef-1416-462f-bde5-24112cfea022,정지호,1967-01-29,Female,57,세종시 세종시 07길 81
33072359-dcdd-400c-bdcf-7238e02ef6f3,구지환,1966-05-19,Male,58,광주시 서구 78길 56
27ee7fb8-4b32-49af-bfc7-c1ff4edd6b1a,주지민,1960-10-24,Male,64,경기도 의정부시 59로 82
156d957a-b2bc-4d3d-ac01-01dc5115836e,서지우,2000-07-11,Female,24,제주도 제주시 18길 34
077f1ea3-d4c2-48cc-ae26-b5414aaf8b60,최준혁,2000-04-02,Male,24,제주도 서귀포시 66길 04
a46db806-58e5-437c-a0d6-11ea1862e522,노서윤,2009-05-26,Male,15,세종시 세종시 34로 74
4f56d7a1-bb27-4dac-8fbd-9a6d3282d07d,이유나,1982-06-02,Male,42,울산시 북구 23길 40
29855b5d-7ae6-4057-8422-77f832f0fcd3,차서윤,2010-10-31,Female,14,대구시 동구 31로 11
7932a542-60fe-4c60-a362-c1f2d7640522,한채은,2019-04-17,Male,5,서울시 용산구 91길 13
60a61df4-da09-492a-89dd-ef2e1205d8b6,곽도현,1970-05-10,Male,54,울산시 동구 64길 74
be392b29-c1e7-46f9-8d0a-35711c1e9a55,배지후,1986-07-32,Male,38,경상북도 보성군 06길 42
aeda822f-8e0a-4d16-81c7-252e8ff8fae9,오서준,1967-04-16,Male,57,부산시 수영구 98길 80
d6b6fc44-8ff7-4157-9451-aefbef7f4177,차지훈,1982-10-32,Male,42,경상북도 구례군 92길 21
b37c4a97-5628-4ae8-b0c0-1b93409ff0c0,이유준,1975-01-20,Female,49,경상북도 여수시 40로 64
4163f2c9-c636-40b7-8290-dd00b3544d98,권채원,2018-06-02,Female,6,대전시 남구 60로 87
4a19f129-88ad-4084-a3f4-a3b431e5739c,이지우,1995-08-13,Male,29,경기도 오산시 72길 14
75da7618-f6f5-4324-872d-0ce550874410,허소율,2022-04-04,Female,2,충청남도 음성군 81길 99
d8a9c861-808c-4ee8-a347-b4c96f6ea266,윤윤서,1997-09-09,Female,27,대전시 남구 01길 05
7915fea6-96ac-45a1-95c4-59148652746d,양수빈,2011-07-04,Male,13,인천시 동구 28로 31
96dd66ec-5383-48c5-84f8-ebd2971e3993,곽건우,1998-08-05,Male,26,충청남도 단양군 04로 67
40f57c32-e5f2-4862-9ef6-ef869234c3eb,신민준,2010-09-17,Female,14,강원도 진주시 19로 81
ff3488d1-e87e-413a-a7b3-2df71dad23c4,하정우,2015-11-31,Female,9,제주도 제주시 93길 31
80d2e066-50e9-4634-a685-4e467efe2bb7,장시우,1980-03-12,Male,44,대구시 미추홀구 12길 09
516d533b-3820-47b9-8189-f364d90fd776,안하준,1991-02-21,Female,33,경기도 군포시 17길 10
35b3aca0-aae7-47ab-bc9d-2f866a9e45bf,심지호,1977-12-04,Male,47,경상북도 곡성군 04로 23
a840b012-5234-42a3-8224-aa150063dad4,정서연,1996-05-15,Male,28,대구시 미추홀구 71길 94
a5292487-beb9-4e04-93d2-16a10664a7a6,정유준,2005-10-07,Female,19,충청북도 홍천군 05길 55
cf37de77-6cdb-4caa-ae52-291fd200b1ea,고선우,1982-01-23,Male,42,경상남도 영덕군 16길 62
7a8095fb-5c62-488b-a3ed-52d942b01841,최우진,2009-11-12,Female,15,강원도 진주시 52길 16
803eed4f-04c5-4861-ac04-a1c56ac9d695,임수아,1970-08-09,Male,54,충청남도 진천군 73로 56
36ede323-f252-458e-aee7-4aafeaa54ea5,이지유,2019-04-11,Male,5,충청북도 동해시 74길 20
11596822-fa4f-4533-bc37-3306d250a56e,송민재,2013-05-22,Female,11,충청북도 철원군 84로 19
f149d607-2432-4db2-b4ab-b1c55e71ef30,박예원,2003-03-22,Male,21,경기도 포천시 97로 89
20af28f2-da0e-4009-a36a-5023c8a54b50,문서현,1987-02-10,Female,37,부산시 중구 06로 58
a8dfe42a-6a84-413b-8f3d-b62d9319667d,윤유나,2019-03-17,Female,5,서울시 금천구 77로 10
1d21074a-d06d-4fcd-b4f6-ac703b16577b,차지유,1964-09-01,Male,60,전라북도 당진시 07길 56
f86b07ad-25d4-4877-aa78-b1a490686768,신서아,2003-12-17,Female,21,강원도 하동군 14길 23
c0c557ff-c76b-4b39-a90b-dedff188e919,윤선우,1969-07-13,Female,55,전라남도 완주군 75로 81
59e8c08d-7592-4e70-8ebb-a8edb72bb0f9,성예준,1964-07-30,Female,60,세종시 세종시 52길 85
5f800e34-fba5-4eaf-962d-821da9cb1812,김채은,1968-11-03,Female,56,강원도 의령군 94로 59
12e340d7-7291-41ab-97b6-c451d0506339,박윤서,1968-08-30,Female,56,세종시 세종시 94로 23
194450de-423b-416d-a8fa-d57345744a3a,신민준,2012-02-21,Female,12,대전시 남구 65길 49
e4432712-9b15-411c-a952-88365b5b5815,허준서,1965-09-29,Male,59,전라북도 부여군 05로 92
2c325c76-b95a-49dc-a15d-6c5b34581c0e,홍소율,2020-07-26,Male,4,울산시 중구 63길 69
18e968a5-614b-4e6c-a9ff-5f56274d560a,고유진,2007-09-27,Male,17,충청남도 옥천군 06길 63
790ef19c-3ff3-48d3-b61a-28879aeca3f8,권지원,1972-06-14,Female,52,경상북도 신안군 56길 71
8b4c804c-e1d0-41df-bbb8-f70bbc4ba041,백도현,1970-01-15,Male,54,대전시 북구 22길 89
305357bc-3774-4c8b-807b-9f9ccaa3d517,안서윤,1990-03-25,Male,34,인천시 수성구 13로 22
bb145550-0594-4d9e-8de4-ba05dc2501e4,홍승우,1991-09-23,Female,33,대전시 동구 46길 09
dc016a50-bc2f-424a-999c-1f826928deaa,황하준,2006-05-32,Male,18,충청북도 홍천군 72길 99
bfd0ccd5-2fe8-4fd4-b222-07687a076be3,곽현준,1992-11-21,Male,32,서울시 구로구 80길 59
8e983b63-fd40-4c40-965d-3d23f70e0023,윤시우,1991-04-04,Male,33,부산시 사하구 89길 21
01c741ed-cb99-40f1-bc4b-fd7ae2ab393a,송지후,1976-11-21,Male,48,경상북도 목포시 28로 90
c55fa85a-6fb0-439d-aaa4-2cbf0be7704b,류예원,2004-05-19,Female,20,전라남도 장수군 89로 71
1eb33b68-1b7c-4c8f-a4de-27fcb859ba4c,노수아,2007-06-10,Female,17,대전시 동구 16길 37
1c34ff47-0cf4-44c9-8573-18292b4d211e,정시은,1990-03-21,Male,34,충청북도 고성군 33로 46
34b42bf7-241d-4c37-9646-5df4fe0d155d,배소율,1973-03-12,Female,51,대전시 남구 91로 27
55b8d8e4-7189-4854-99a9-f46efdd086f3,송서진,2000-09-25,Female,24,충청남도 충주시 73로 07
83ecba4b-f59f-4d66-bd8a-f920632b7aa0,서민준,1982-11-02,Male,42,인천시 북구 44로 37
9bd6125d-93bb-46e4-adc3-f0d21534d300,고채은,1996-08-27,Female,28,충청남도 제천시 55로 28
5d4ab048-da17-478b-908a-799ce7592da3,홍준서,1976-11-30,Female,48,대구시 계양구 97길 89
1b429eac-9a14-4e64-81fe-30b52a96a52c,유지원,2001-07-02,Female,23,대전시 광산구 38로 74
9ee5ef6f-125e-4390-9afc-9168acb10a92,한민재,1977-08-23,Male,47,경상남도 영천시 31길 26
bcca827d-046a-463a-a28a-01f18e6edb93,임하린,2019-04-31,Male,5,서울시 동대문구 12길 32
64b074d9-a11b-496f-9c72-c7bbbe8e21c5,조지윤,1999-03-19,Male,25,강원도 함양군 95길 66
6a6b12d9-396e-48d8-8851-8a5a124909fc,백준서,2004-08-13,Female,20,충청남도 제천시 73로 61
7afd6203-a5d4-4e21-845e-626a79163f77,한연우,1975-12-11,Female,49,세종시 세종시 01로 15
29dabf31-5e86-49ff-a9a7-8169357d21d8,손주원,2008-04-01,Female,16,경상북도 해남군 68길 10
a78f4d5e-3dd9-4aa3-a631-aa7d244140d8,구서아,1998-02-02,Male,26,경상북도 목포시 66길 89
e90ed147-c54b-40db-914e-f9c7e7a91c3b,신지우,1960-03-07,Male,64,경기도 남양주시 18로 44
bf204616-1fb9-4a6a-87f3-8bed8c01bda8,신민준,1997-05-21,Female,27,대전시 남구 83로 80
9bda68a4-f319-4935-b781-6b6ddf59013f,송지윤,1975-01-05,Male,49,울산시 동구 29로 26
76d88b6d-9595-4e84-bbf2-cef24b7deb67,조승민,2008-04-31,Male,16,제주도 제주시 03길 43
64bfc109-c551-4890-8778-904e69afe0f6,손채원,1964-10-03,Male,60,전라북도 서산시 08로 78
a44fe81d-10b5-4748-9b0d-8b09864bec9a,박채은,1982-03-27,Male,42,제주도 제주시 34길 16
a49220cc-cdad-4dbd-a30a-b719f7ebd4df,홍유진,1989-09-04,Male,35,제주도 서귀포시 25길 08
f8176083-bb7e-411a-bef6-1b7cd65386cb,차건우,1979-10-17,Female,45,울산시 중구 96길 94
0dffdee3-efa3-4671-8ec0-70a32778c0ce,장은우,1976-08-10,Male,48,세종시 세종시 28로 37
81188e51-f99c-49c9-801c-b47bdc47a98a,양민재,1977-06-21,Female,47,인천시 북구 02로 55
cf5a0bb9-3754-42ed-ab1b-6041da90357d,허유준,1987-12-22,Male,37,대전시 광산구 75길 97
c3568fa2-260b-4c34-bcff-a3cf7c44d58f,고다은,1999-09-20,Female,25,전라북도 논산시 64길 77
50b955d2-468b-42e4-bcb0-13c66fbd763d,곽정우,1991-02-12,Female,33,울산시 중구 18길 78
ed8ea9e3-0a31-4841-a66d-868301975447,류지호,2001-09-21,Male,23,전라북도 당진시 90길 61
21c036ce-fd14-4eb6-ae49-a261c33cbb69,정예원,1967-04-09,Female,57,전라남도 김제시 60로 98
13f9832b-20bf-41db-beac-8b1a5a0a7a53,강다은,1981-12-32,Male,43,경기도 하남시 75길 84
919c58eb-ea57-4001-bf3e-9ecdf9365cf8,곽예린,2011-09-21,Female,13,전라북도 아산시 10로 53
4a1b08b5-4a9c-4ef1-bd2f-7e188b9f8b63,장도현,1970-06-18,Male,54,대전시 동구 68길 65
45ff959f-a200-4e84-af5a-b1907fffd332,임예은,2001-12-24,Male,23,강원도 함양군 69로 46
c6d1210f-2751-40c1-82df-1b6397191c88,노소율,1963-10-13,Male,61,광주시 동구 04로 33
738a5510-eaaf-4ae3-b3ae-d620d4fc99b4,임유준,1993-09-28,Female,31,경상남도 예천군 97로 49
82269d19-143e-40a6-9a44-33c784aff86f,서주원,2011-06-23,Male,13,대전시 서구 24길 07
0a9c330a-4622-453d-8bfd-33c6bfa90818,장민준,2002-10-19,Female,22,충청남도 증평군 14로 91
83cc9e31-a04f-4ea0-be4c-e15fd74c0a4f,신하윤,1980-05-21,Female,44,부산시 사상구 46로 68
0096a5e4-25a5-407c-b925-f62e059151ba,양승현,2010-10-19,Male,14,서울시 양천구 96로 41
e7bb0c6b-fffe-45be-a5e6-8d18efc64853,정연우,1965-05-26,Female,59,세종시 세종시 22로 62
4b2d8294-3b41-4133-a759-4f7430a05dc8,윤지유,1993-03-04,Male,31,경상남도 울진군 93로 24
007770fb-2b67-4c5e-8b31-be93ae24fbfc,하소윤,1992-04-01,Female,32,광주시 유성구 45로 22
7263e93d-4316-4173-a10f-8ad5579c1045,배도윤,2001-12-08,Male,23,전라북도 태안군 14길 68
f5e19303-d8b6-44c9-bbfe-84319ec20966,황서아,2014-05-06,Male,10,세종시 세종시 71길 68
ea616901-69a6-417d-a885-89733e22306e,정유나,1991-04-20,Female,33,경상남도 경산시 27로 22
14645378-072f-4509-817b-3a4bae1145d8,남수빈,1991-04-27,Female,33,제주도 서귀포시 64로 79
b0ab0536-cd7f-49ba-bd6a-53a5f7ee3a9a,신승민,1975-03-12,Female,49,경기도 이천시 46길 64
c29ef579-88d6-489c-9b23-fed8ffc146ea,강현준,1983-09-07,Male,41,경기도 평택시 20로 84
7e141a3b-438f-45d7-928b-7ae8bc36fe3f,곽서윤,1966-10-25,Female,58,대구시 동구 46로 24
ff7987f7-5a9a-4b60-849c-bbb4962c794a,류은우,1978-02-16,Female,46,경상북도 함평군 20로 07
35c21f3f-431d-4e39-8a7c-31b939aa13a1,구연우,1964-01-16,Male,60,부산시 강서구 77길 52
1af8b8be-f17f-48be-9f1e-9a5e0b3feb59,허선우,1968-09-07,Female,56,인천시 남구 93로 96
5008f674-aa5f-42d4-8874-77df10245144,허서아,2018-03-19,Female,6,울산시 북구 78로 10
84a59ab3-a832-4bdd-9a12-3c4f1b2f6b7a,유정우,1988-11-20,Male,36,경상북도 순천시 68길 37
49b1b05b-c2b6-4a5e-8c6d-84dd1c965bbd,정예은,2015-02-28,Female,9,제주도 제주시 54로 71
f3779ec9-69fc-430c-9030-424d443f5b9b,주유나,1967-05-21,Female,57,인천시 달서구 83로 85
c6fa9f61-35e8-46ed-8960-e83153d464bf,정서준,2013-10-03,Female,11,서울시 양천구 49로 82
2af009bd-9c88-4547-a370-3f6ccb459777,우시은,1985-11-22,Female,39,대구시 서구 91길 70
70877018-c5fb-483d-b99f-9c0685f96341,곽수빈,1993-06-20,Male,31,대전시 북구 81길 72
396d659a-c620-490e-aeea-16c362100289,문시윤,2014-11-04,Female,10,경상남도 김천시 71길 67
9d569217-6170-438d-a723-5bba9bddacfd,신지환,1985-09-17,Male,39,제주도 제주시 02길 33
7ccab3ef-7dd1-46ee-8da0-15cbb35409fc,하지유,1991-09-21,Female,33,충청남도 음성군 94로 36
ce694d6a-89c1-4dfe-91e8-b09430622f9e,우유나,2022-09-07,Male,2,경기도 의왕시 86로 22
3a336846-1cc5-428b-8214-ad2f3a1b2560,한다은,1987-11-31,Female,37,강원도 사천시 08길 91
5911f739-9b4c-4d45-b50c-8fd0cd020d67,안우진,1981-04-01,Male,43,세종시 세종시 01길 51
aaaf9e3a-0c08-4530-b2cb-427ab656e2ba,황서윤,1971-03-15,Male,53,경상남도 칠곡군 35길 46
c8f06e9d-c198-449f-9941-e4103d898915,장채원,1978-05-14,Female,46,충청북도 양양군 22길 42
01ce19ed-9e21-49cd-94aa-25d56253cc58,남지민,1965-04-12,Female,59,울산시 남구 19로 07
2753e2e0-e267-479a-9548-f5033788b456,류하윤,1986-03-23,Male,38,경기도 시흥시 81길 36
a9ba499f-016d-4559-9e5f-9d486f3121d5,성예준,2008-04-28,Male,16,대구시 부평구 68로 01
09d89346-f45c-4ed4-aa4e-0ec87edf5234,임현우,1982-07-04,Male,42,전라남도 부안군 82로 61
23317201-b282-42e8-901a-567ab191abd8,윤수아,1992-05-20,Female,32,전라남도 임실군 94길 45
4cb2c2df-7e5a-4fa4-a22e-2dd87923676d,김윤서,2020-12-15,Male,4,서울시 성북구 62길 59
65bcbeb5-d233-4693-9fff-9ba343938e8a,홍승민,1993-05-13,Female,31,서울시 용산구 65길 84
8502db18-07c5-43bd-bcba-03e2066fa770,정지아,1980-01-09,Male,44,서울시 금천구 69로 85
98ed130c-11cd-4ed3-a8ac-507d9c2c881d,윤하준,1961-09-06,Female,63,제주도 제주시 41로 48
493e91c5-824f-40e6-8edc-a84fcf00e1ee,오지민,1977-03-16,Female,47,광주시 유성구 21길 14
9afe0fd1-63b2-44c9-ad06-46c065c05d26,안서준,1983-05-03,Male,41,충청남도 보은군 43길 94
c49177e6-5dca-4a68-8ef0-591fa3d6873f,신승우,1965-08-19,Female,59,전라남도 순창군 48길 60
bd8bf220-9e4b-4d51-96e3-d59e7d8fda2e,손채원,1988-11-27,Male,36,제주도 제주시 27길 72
ece4eee6-2c36-4cd5-8e3b-078dfaae0dd0,허현우,1965-06-11,Male,59,충청남도 영동군 83로 52
07a8441e-f980-4295-8ceb-cc522a772937,손유나,1967-09-05,Female,57,경상북도 보성군 46길 59
e1524e29-b3e5-484a-b455-398abb09bcec,남윤우,1993-08-15,Female,31,인천시 달성군 17로 44
54af78e5-825b-4234-9a66-1612c004f262,배지훈,2004-03-23,Male,20,강원도 함안군 43길 78
e856d7f7-37c8-496c-89a0-a41a2859aa33,박하은,2008-10-14,Female,16,대전시 광산구 24길 88
de90dff0-5db9-47ad-926d-12f178e7a1a8,손현우,2021-06-09,Male,3,대전시 서구 28길 53
51f57ceb-7417-46c8-a97e-4f41383f6f0b,임소율,2021-10-03,Female,3,제주도 제주시 53길 12
bf92a1b6-96a2-45db-b93d-0bd054d46580,류승민,2021-06-01,Male,3,광주시 대덕구 62길 26
e2a75083-98c4-4929-885b-39e508232e32,심도현,2008-05-08,Male,16,강원도 함안군 50로 54
f2c07d5c-59c8-40ab-b67b-6847e26a4206,구유준,1972-01-01,Female,52,충청북도 삼척시 10로 98
4fd66501-4301-455d-86e3-5b6a8e446dbb,전지훈,1983-06-18,Male,41,광주시 동구 70길 58
237c9ce0-d2ed-49bf-9c7c-4a40a0acdbbb,서유진,1978-04-28,Female,46,대전시 동구 44길 72
120ac942-44d9-4ec6-883b-1b30a4cda51d,임승민,1994-05-28,Female,30,광주시 중구 16로 02
bd8a672a-a4eb-45aa-b1ec-78610a66ff26,고소율,1994-01-07,Female,30,대구시 연수구 01로 32
00b3e757-5c36-419e-a023-decae529be5b,황지윤,1976-07-20,Female,48,대전시 동구 38길 71
eab3b11b-1b69-4de3-b2b9-095895c04761,백은우,1989-03-19,Male,35,서울시 노원구 99길 29
fe666cd3-56b7-4c2a-9565-ff84187b97ea,허승민,2005-03-16,Male,19,울산시 중구 85로 76
21b9d2ba-184c-4f9d-9acc-584bc6bf45c8,장민준,1985-10-25,Male,39,제주도 제주시 50로 74
f4b4e48b-27d3-4f7b-95cc-64876012db47,김유나,1988-02-03,Male,36,경기도 가평군 07로 78
4a382831-f9fb-4925-9bfa-b29040144fe6,차지호,1968-08-06,Female,56,강원도 하동군 89로 89
ebe65207-717e-464e-8ad1-770bf930a616,김민재,2010-02-18,Female,14,경기도 군포시 71로 97
2cc6e0f6-9945-45bd-ae98-6d6668d0f5d6,이선우,1982-12-32,Male,42,경상북도 함평군 90로 44
fa01d358-f222-4177-b3c9-8179334b0a6c,고예린,2006-09-09,Male,18,광주시 대덕구 25길 98
da0e7532-bb18-4841-82a5-7d910db3e182,하채은,1989-11-05,Male,35,세종시 세종시 60길 80
face26c1-72a3-42e7-9486-c47d712c002d,노서연,2018-02-02,Female,6,경기도 의왕시 46로 56
1f88c35e-e5f2-4940-9e82-820f9896ce36,이윤우,1985-05-20,Female,39,경상남도 상주시 38길 97
252596ca-3e47-40a7-b981-7b622eb517f4,성하은,2001-12-31,Female,23,경기도 연천군 21로 49
c7a92a20-679c-48c4-9974-a629b3a8f9a7,우승민,1966-07-02,Male,58,대전시 광산구 33길 41
0bd69af4-29b0-472c-991a-f94fe95c37fd,서채원,2008-11-04,Female,16,대구시 서구 17로 79
605d67f9-50a4-4be0-8efd-ad9f08ca1516,류서연,1965-02-19,Male,59,광주시 동구 71길 06
a6f6c641-6a73-43fd-8420-8a2265b70eda,장지민,2001-12-07,Male,23,세종시 세종시 66로 29
717db3a6-9475-4fa3-a6f7-7ed9b669f9db,주윤우,1968-01-25,Male,56,서울시 종로구 53로 98
114274e9-86c4-4ed0-b6d4-d5901d2fef13,전현준,2002-06-06,Male,22,서울시 동작구 90길 62
e00d1999-d51b-4d61-b9d4-d273fcbf6d39,임현우,2019-04-10,Female,5,경상북도 고흥군 18로 76
b1086826-138c-47cd-967d-955f281a2756,백현준,1985-03-30,Male,39,경상북도 무안군 10로 21
574b9c68-715e-4fc0-8e3e-eca84397eb6f,고소율,2011-10-30,Male,13,충청북도 양구군 15로 57
70b8ddb6-7128-4a2d-9d5b-a69e205efcf5,이민준,1974-01-30,Female,50,경기도 의정부시 98길 08
4d2c3f96-e3a3-4bcc-a577-23bbd0035d95,백연우,2022-11-20,Male,2,경상북도 담양군 26로 88
2c960307-a2a1-45b7-a2bb-29c4592e78a1,우지호,1978-02-05,Female,46,광주시 중구 87로 39
01bbdce2-9bcf-46b4-ba10-a0019eb57739,황승우,1985-05-15,Female,39,광주시 유성구 32로 59
14125bee-456e-4899-b1ac-024a970e7311,고선우,2008-06-16,Female,16,경상북도 목포시 51길 60
c9a992ad-8880-4ace-8a3a-7b28fa28868c,윤시우,1988-04-08,Male,36,경상북도 영광군 09로 71
8780c42b-1903-453f-90a5-3d1576bd7e0a,남하준,2005-01-28,Female,19,서울시 성북구 36길 26
61c1c3ce-9e25-41b5-b45e-4cba3429db1f,허지유,1972-06-10,Male,52,경상북도 무안군 55길 75
73167766-4c9c-4dfa-89cd-7a931a29e7c0,주은우,2020-05-05,Female,4,충청북도 삼척시 89로 27
7f7aefad-f91d-4867-900a-62f8225152ab,임유진,1998-08-29,Female,26,전라남도 익산시 03길 19
e5ff5ca0-32ac-4a86-a256-c387cd13cb3d,유수빈,1977-11-09,Female,47,인천시 달서구 02길 70
c4ed31fd-362b-4573-a2bc-417c82cb33a6,송도현,1978-04-22,Male,46,인천시 서구 02길 16
424e191c-cbde-4f00-b534-9a7d32fd411b,구민준,1973-12-26,Male,51,울산시 북구 40길 35
39268dbe-f10a-43b9-99c6-25ce1897aab1,김서연,2011-09-20,Male,13,전라북도 홍성군 55로 94
57b39abe-241b-4d86-bdd5-5ac408641d26,조예린,2022-10-15,Male,2,경기도 양평군 78로 20
5068cdd5-c511-4bc8-aac7-3489a034c404,허건우,1997-04-25,Female,27,서울시 중랑구 40길 02
00dcbed3-3572-4920-851c-37c73f1d1f48,고현준,1994-11-25,Male,30,대전시 동구 08길 03
a10a4bdb-cfee-4756-aa6f-959fb511fc00,황하린,2022-12-05,Female,2,울산시 남구 53로 29
472b1177-865e-4601-a0b9-3b40bc688cc8,허정우,1991-01-12,Female,33,전라남도 익산시 01길 63
a2562ee8-ccce-4014-902d-e9d2e646ac84,하우진,1984-06-31,Male,40,대전시 남구 79길 35
b02b96d0-720e-4ba3-8e05-9d07b0b9e012,박민준,2002-12-22,Male,22,강원도 의령군 53로 18
b7a05b84-c2bb-4a7f-a009-214a398db0ee,장준우,1966-06-18,Male,58,세종시 세종시 52로 15
aa1d40af-7589-4a5b-b25b-5e44a028b6eb,손하준,1984-10-15,Male,40,충청북도 양구군 52길 10
7568bb8a-c00d-4b4e-9318-8a3ced3dab81,문현준,1964-11-11,Female,60,울산시 울주군 62길 57
6ec8c817-7625-4905-a762-da35506d446f,하은서,1989-03-13,Female,35,전라남도 익산시 83길 27
64fb2265-60f4-422a-a280-c6650d4cc642,백준우,2004-08-09,Female,20,울산시 중구 23길 68
996e14ff-2dd8-4ac1-8981-789ce56061a0,남지훈,1963-01-08,Female,61,광주시 서구 17로 55
b55d7fa7-33f2-42ef-ab2b-64e1065fb956,전현우,1978-10-04,Female,46,전라남도 전주시 71로 59
5420b8bf-18af-4746-aee4-cab5e631e4e2,노윤서,1976-06-23,Female,48,대구시 미추홀구 17길 22
1141ef29-7a15-4cbf-bd37-1afb1aa89a0b,성시은,2014-08-11,Female,10,대구시 동구 74길 47
d79d9142-4f49-45b1-9ce3-6f2b22e9f8c6,권윤우,1965-12-21,Male,59,경기도 연천군 75길 51
e9e8e171-5d05-4823-806c-e532d298431d,류예은,1963-04-19,Male,61,경기도 양평군 21길 62
7af421fd-a45e-4ff4-b7e3-3b510c0a2e91,임소윤,1985-01-20,Female,39,부산시 영도구 97로 93
4cf9a373-a981-4908-bfdf-0e91f570d7ce,백도윤,1986-05-21,Female,38,경기도 이천시 37길 75
29de9b5b-06ff-4765-8873-52dbe2fc0d2e,정시우,1976-08-21,Male,48,인천시 서구 70길 31
f6d35370-0050-4ddc-8531-a516376bbd76,구지원,1982-10-20,Male,42,충청남도 충주시 20길 41
c2fb2e85-7940-4638-a94f-63e16dad10a9,박하은,1975-10-26,Male,49,강원도 함양군 40길 54
bbac4ee3-ce7c-4ac2-831f-0442023623c3,홍하윤,1985-05-05,Male,39,부산시 남구 81길 32
abbbf7b6-9bc2-400f-bb1c-c067dc9e27a3,성하준,1968-07-02,Male,56,대전시 남구 61길 24
7e46d55f-c5be-4bda-a13f-c5d0620205db,홍준혁,1999-05-02,Male,25,경상남도 상주시 23로 20
49080d5d-d009-497e-ab8e-9d0f44a77fd4,조서아,1995-11-10,Male,29,전라남도 고창군 08길 91
5f85b37e-bd0d-462d-be94-79d2a8b9785a,강하린,2022-08-27,Male,2,충청북도 속초시 57로 63
b594d967-ea2e-425e-bacc-7038e73abb9e,신수아,1976-07-04,Female,48,경상남도 영주시 37로 56
e1b6ecc1-952a-4d7e-bdce-56abf93575db,김은서,2007-11-27,Female,17,대전시 남구 12로 96
5922664a-d9b8-4f07-9de0-dddcb4a22e1e,노서현,1969-01-16,Female,55,세종시 세종시 56길 21
703157b2-487a-4144-a842-a9786f9dce7a,유지윤,1968-01-07,Male,56,충청북도 횡성군 03길 11
4d8c2c16-7244-40e9-b3fa-ed40c470ca9d,문현우,1964-01-26,Male,60,제주도 제주시 75로 76
22a461ba-67bc-405e-bc1b-0b4b36f8e658,신연우,2012-04-08,Female,12,충청남도 진천군 77길 27
c63eb479-3eac-427d-928f-dbdb8c2a6623,임수빈,2020-12-06,Female,4,충청남도 단양군 54로 38
4257a036-592a-4f59-a0b0-e473db872ee5,송지후,1993-01-03,Male,31,충청북도 철원군 15로 46
01551651-11cc-4859-a767-5731f7d550f3,황연우,1975-10-12,Female,49,전라남도 진안군 90로 46
be7d0e07-f1ad-4415-9f4b-ac9367921ab1,오예은,1978-05-03,Male,46,충청남도 단양군 24로 73
c9d9b85b-49cc-4805-97d5-6f21f681b314,황지환,2006-11-11,Female,18,충청남도 충주시 46길 14
97be33d8-dffb-4f0b-8492-ebfde7c600bc,조지후,1965-08-03,Female,59,경상남도 예천군 91길 08
b1017a68-3ad1-4509-9f66-13152d4aa75c,남윤서,1977-08-30,Female,47,전라남도 임실군 07길 76
cb566850-d519-455d-874b-5b6396d1e499,고하윤,2007-02-18,Male,17,전라남도 익산시 73로 41
9a863bcf-313f-46c4-a0d2-cb4cddc9c8dd,박지원,2008-01-18,Male,16,서울시 동작구 32길 08
8618cce5-8133-4ce8-9113-bda51c65394c,양유준,2001-03-07,Male,23,서울시 강남구 33길 17
f1e35449-a242-4ca7-a75e-ee7578ce9546,유은우,1991-02-05,Male,33,경기도 안성시 21길 37
2d6d19ec-7f5c-45ff-9a69-2d29766c2fdc,하지안,2015-10-16,Female,9,부산시 동래구 95길 41
40011eba-bd0b-4f08-908f-c6070e5cd898,이시우,1969-04-11,Male,55,대구시 강화군 52길 61
354519ee-fca5-4450-b89d-bbb7b3cd415b,윤우진,2017-12-06,Male,7,충청북도 춘천시 58로 51
a9206acc-3dcf-4629-a839-c604f123789e,유다은,2022-12-21,Male,2,경상북도 고흥군 54로 99
06362d5d-80e4-41d7-8030-d0bcd43866f0,노정우,2005-10-23,Female,19,서울시 서대문 34로 29
d7c9b471-4d0c-415c-be83-55ab4413fc2a,남예준,1961-07-14,Female,63,전라북도 논산시 52길 15
6735de0a-4e6e-4568-9fc9-3a540033b34d,손도현,1999-11-01,Female,25,부산시 북구 34길 04
8f393931-c654-4a4e-b7e5-9df0cc265bc2,서현우,2008-12-26,Male,16,서울시 구로구 70길 96
8c618e4c-1ead-4f73-8284-81e4166024c2,조현준,2002-11-08,Male,22,대구시 중구 98로 61
56661c00-4e2b-4122-9baa-32a3aa7fae7c,전지안,1999-09-30,Male,25,전라북도 부여군 85로 73
08e762fa-19fb-47d0-b786-62d896f9e7d3,김예린,1980-05-24,Male,44,충청북도 동해시 99로 44
d0d68c1e-8769-460d-8311-0bb61dcf17b9,주유준,1967-02-20,Female,57,서울시 노원구 26로 44
d02e2d30-c071-42ac-8f6b-30e00b40ae01,조민준,2008-04-20,Female,16,세종시 세종시 65로 72
96e8e3a8-8f2f-4582-be9f-89d9f0f380d5,권도윤,2020-06-28,Male,4,대전시 광산구 91길 84
39883290-89c1-4618-9332-2b0ee7b3fb97,문서윤,1986-01-19,Male,38,충청북도 영월군 88로 65
7c4005c6-643c-45ff-a42a-d76704f6a710,오예준,1964-08-32,Female,60,충청북도 화천군 79길 50
eab73821-8d40-44a3-9b0d-4bffa1cfc7cb,배지민,2002-04-02,Male,22,제주도 제주시 46로 45
28c716df-0f27-46fa-87b2-b908316c83e9,조지우,2002-06-31,Female,22,서울시 강서구 70로 87
58070d47-f5e9-4374-8189-44fb72149f6d,고소윤,2003-05-32,Female,21,강원도 산청군 13길 46
cc34d7fc-4355-440f-81bf-feea549acbfa,정하윤,2021-05-25,Female,3,경기도 이천시 31길 58
02317372-7c7e-4c52-933a-dedff3d4691e,유건우,1963-12-03,Female,61,서울시 영등포구 47로 59
1b8cef89-d7d6-4ca2-98d1-6de9b92d56d3,한연우,1960-12-30,Male,64,대전시 서구 63로 55
9f002c8a-1cf9-473d-b499-af8988d89b97,남건우,2010-05-30,Female,14,대구시 중구 65로 78
9fcc8e6b-c26b-4ae0-9df5-fb8306631d91,신유나,1994-02-29,Female,30,서울시 도봉구 54로 60
8480c985-96f6-4815-8639-debb0611169a,백승우,1963-02-25,Male,61,충청남도 영동군 94로 12
4891874f-d01c-4a82-a9a7-8798946b5811,송시은,1970-09-27,Female,54,세종시 세종시 67길 88
47000a70-60c4-4bed-874d-f7cfd43225d6,서수빈,2004-02-03,Male,20,충청남도 보은군 59로 50
e2e2be7a-0dcb-4862-af03-722fa142fd80,노민재,2017-05-32,Male,7,제주도 서귀포시 74로 30
eea07da2-37b7-4fdc-aa0b-4b9c7d625846,류지유,2006-06-29,Female,18,전라남도 김제시 03길 77
7672bc09-5928-4989-aa72-3b83197c669b,송소율,1968-12-05,Male,56,대전시 북구 97길 29
73dcf35a-0166-49ba-8cb8-e61f40477b65,오수아,1974-11-06,Male,50,인천시 북구 10로 09
6eb93ef4-361f-4ecf-b36e-b5beb628a420,윤현준,2021-10-09,Female,3,대구시 남동구 71로 49
e4ba4ab7-ab0e-4886-9868-8281095e1e5f,황승우,2001-06-22,Female,23,서울시 은평구 09길 25
e42a648e-7528-45d9-9efc-a6488bbbb2b6,정서현,2004-07-30,Female,20,경기도 김포시 78로 22
73a0f48a-bcc8-4df7-84fd-a222665432b7,곽지호,1975-01-32,Male,49,전라남도 정읍시 97로 04
4bfe7e7a-4712-4998-927a-edf934d7332a,윤승민,1979-07-25,Female,45,대구시 계양구 71로 03
9b4a3416-0f43-4383-8595-568609738d0b,류민서,1964-09-24,Male,60,경상남도 예천군 83길 15
13ffb80a-5c26-4f0e-b65b-b85ebc68d05d,권채은,2001-12-09,Female,23,강원도 합천군 73길 69
c2777b28-e399-49d9-8960-30d6998010c0,우승민,1971-10-04,Male,53,대구시 강화군 04길 15
d8e168cb-5aee-4e07-904c-cfedb0648bb9,김연우,2001-11-18,Male,23,울산시 북구 61길 51
f8b86dce-88f8-46d9-ab08-51a93407ddae,권유진,1988-12-25,Male,36,울산시 남구 91로 70
2fa0eb98-6d1f-4e2c-849f-ec43a3dc2e3c,배선우,1973-05-26,Male,51,경상북도 완도군 82길 53
c678b178-7dcf-412d-aee1-89f66549793f,정서준,1980-12-02,Male,44,충청북도 인제군 83로 55
95cb3fab-3061-4598-8743-d8b5fe9db158,이지안,2005-07-06,Female,19,울산시 중구 91로 07
b5391805-9ab8-47ae-96ca-cbd69f662971,류지윤,1988-02-02,Female,36,충청남도 단양군 24로 57
00147f61-a809-4d2b-be8b-af5f9785c585,하서준,1993-09-27,Female,31,전라남도 김제시 07로 80
cf726e00-18cc-45c7-83b0-7bde4b410e11,장서현,2011-10-10,Female,13,전라북도 아산시 69길 65
6fc8f806-e5df-4b7c-939d-55eb5ca6ccdd,권지훈,1989-02-01,Male,35,인천시 달성군 50로 27
50b68c43-16f0-4b95-9918-5255f8f2784c,양시윤,1975-06-29,Male,49,울산시 남구 17길 31
0bfb41a9-6b03-4fa6-8b1a-9f3440848542,차다은,1995-09-22,Male,29,전라북도 예산군 42길 40
b4926afd-cc2c-4935-a173-634ca107154d,노예은,2007-11-01,Female,17,경기도 과천시 78길 86
c83ffb70-de0a-4b56-9381-800fe4c39e61,하하린,1986-08-12,Male,38,경상남도 울진군 32로 82
6510c56c-b901-4e35-9ee9-5005b0611cdf,심하준,2013-10-31,Male,11,경기도 연천군 35로 39
64707c82-29ee-4633-9529-5a2f367344ec,류하린,1996-04-23,Male,28,대전시 북구 93로 26
90918cf9-7c05-4f79-92a4-1712fed05e7e,고윤서,1979-06-19,Female,45,대구시 동구 40길 77
24ffac88-31b5-4eba-ab13-82e81e614414,주서진,1995-05-03,Female,29,전라남도 남원시 87로 43
bd658583-91e9-4e30-99d4-d495c6e2a70e,조민서,2018-12-02,Female,6,대구시 부평구 01길 71
e43ff932-2838-4622-875e-cad5a945f904,임지호,1960-08-10,Female,64,세종시 세종시 80로 88
ae112510-0ad8-4251-9f6c-7c6eabcccaaa,윤지윤,1989-08-03,Male,35,대전시 남구 13길 69
004befde-9035-48a9-b97c-dd9b661b56e5,신지아,2013-01-13,Male,11,충청북도 인제군 61로 97
04471c72-d1b1-4b29-9585-ab784d3d7608,임소윤,2004-05-04,Male,20,경기도 안양시 61로 26
2165f96c-1015-4791-a9f6-ac59be016d9f,홍서연,1964-10-19,Male,60,충청남도 진천군 18길 08
68d43fba-a10d-4793-b4ba-e54e749c6f69,정서현,2014-04-25,Female,10,전라북도 서산시 70길 66
d1e7d0f5-23ba-4ac5-a441-16383e244e9b,오민재,1983-08-17,Female,41,제주도 제주시 18로 01
bbb15009-aad8-43f6-b40b-ccc2045e0c7f,황승현,1981-02-28,Female,43,인천시 서구 89로 55
a3fc7c40-c43a-43c4-9a9c-9281b11a45a1,장유준,2019-12-27,Female,5,부산시 중구 10길 88
42eeacbd-c6ab-4e0d-af62-0f5caaba2a4e,남지아,1989-04-19,Male,35,제주도 서귀포시 55길 54
c471f485-5e83-4afd-bab5-c465fa6386c2,신다은,1997-11-24,Female,27,충청남도 증평군 70로 69
57d1649f-c8f5-455a-99bb-8c20959b2324,우하윤,2007-12-29,Female,17,경상북도 고흥군 91길 58
fe0307da-9c90-446d-b331-5ec24a36c098,오건우,2017-06-13,Female,7,서울시 강동구 25로 91
21dc48fb-15b4-4598-a516-1b18d5d0b355,성하린,1981-03-13,Female,43,울산시 북구 36로 43
9f7b89d5-5649-40fc-998b-a5913bfebfcf,주예은,1973-12-11,Male,51,대구시 중구 75길 52
067b3264-3329-43be-9a7b-5e025b65289c,전지아,2003-10-32,Female,21,전라북도 천안시 43로 82
0fb5567c-2fc9-42db-9204-9f421d36ee11,황은서,1964-02-16,Female,60,울산시 북구 03길 33
e096e2e0-afef-42c9-bc1a-df4e5148ed2b,성준우,2006-06-28,Female,18,전라남도 김제시 58로 76
5b96d003-3429-4289-b27b-b8bafd5e5f29,박윤서,1987-05-31,Male,37,세종시 세종시 51길 24
b647be54-02f8-4ff6-8bba-9ae19835417f,고도현,1960-03-01,Male,64,전라북도 계룡시 87로 93
dcb8ca1b-9a04-416f-81a2-db586351e9f7,전예린,1976-03-09,Male,48,세종시 세종시 02로 38
161d06c5-8812-4849-ace1-e79559967c87,노민재,2012-08-26,Male,12,부산시 연제구 32로 70
2ce5d529-c0f9-4eb0-b01f-97b5cf4162f1,신은서,1991-12-09,Female,33,경상북도 나주시 91로 03
5c36ccca-a617-4663-8920-ca8c8a11c9d3,이은서,2016-02-03,Female,8,서울시 구로구 30길 32
136a0bba-eba1-468a-92c9-5d6cd5024c08,임선우,1999-02-21,Female,25,전라북도 금산군 46길 45
9df1461f-beeb-48b8-b313-0264773a1e2d,임지호,2002-04-09,Male,22,경상남도 예천군 01길 92
928d6c0a-9d76-40a0-b905-2fbca0adafc6,신서윤,1981-03-24,Female,43,경상북도 무안군 64길 38
00d64582-682d-400d-ae50-36ef7e9c5e3e,송유나,2013-02-16,Female,11,경상북도 광양시 92길 76
da981792-ba5c-42a5-b466-1b084795c881,남민재,1970-11-19,Female,54,경기도 남양주시 25로 68
36180b1f-0b07-47f7-a0eb-ef39efb38ed6,홍소윤,1991-05-26,Male,33,경상남도 영덕군 49길 25
df7f86ef-3b81-4e2a-bcb4-a2698d99cace,성윤서,2016-05-15,Female,8,충청북도 원주시 67길 90
dc79457e-d4c7-4ef7-810e-ec71cee415c8,이지아,1977-07-07,Male,47,서울시 금천구 27길 32
1da218c5-5c76-4afb-a4e0-2d9aa87eed5b,양은우,2007-06-11,Male,17,서울시 강동구 52로 54
f7c6bcf1-480f-4dce-9d88-6a0bdd2eb7a3,성윤서,1973-12-02,Female,51,충청남도 괴산군 61길 58
7dc0c459-891f-4dd4-be1c-886b029ce4bb,우승민,1964-01-13,Male,60,대구시 계양구 44길 77
40f04071-8791-44bc-a91f-da231f4f38d8,윤유진,1994-04-26,Female,30,부산시 영도구 43길 42
12f6ef92-bdaf-4a36-9e34-6403bc48dda4,손선우,1967-06-30,Female,57,제주도 서귀포시 85로 67
ba4cf987-1255-40c3-ac7b-c88824100ad4,문서준,1976-07-22,Male,48,울산시 중구 33로 72
78476694-354c-40cd-89fa-b2fc0ee08f78,권소율,1993-02-22,Male,31,충청남도 괴산군 38길 76
0ced5965-fe04-42e0-9fc9-7da4163f5d54,홍수아,1960-05-03,Male,64,인천시 서구 06로 87
e21d49f9-9c19-48b6-81a5-f4f3f731a61f,안채은,2006-06-29,Male,18,충청북도 속초시 98길 59
56aeec5d-631b-4e4e-b566-fb54a8c0d8f2,서지환,2005-10-03,Female,19,전라북도 공주시 82로 19
fdd15ffa-869f-4292-90d7-10602857a4c5,정하준,1971-01-15,Female,53,경상북도 신안군 24길 12
1460a1c5-b7b2-4a94-9d44-cf317426d15c,조채원,1980-08-15,Male,44,충청북도 원주시 02길 95
10b9af3b-db3d-4be8-ae3f-35530a00cb42,한준서,2007-02-23,Female,17,인천시 동구 55로 29
a30a4fd3-727e-47bf-8ccb-8ff8c8550280,신민준,1988-02-27,Female,36,인천시 달서구 03길 47
96ec131e-2ff0-4fef-8253-4a7e34968730,구준혁,2005-10-16,Male,19,세종시 세종시 21로 67
1f697a86-9d04-4529-bd1c-abcf6a69f3db,배서현,1997-10-15,Male,27,제주도 서귀포시 31로 06
386ba861-1dff-41d6-9876-544dff338943,손준서,2016-03-20,Female,8,대전시 동구 34로 49
9d2d59cb-87e6-4a4a-bc36-f24117f13b29,안연우,1974-11-02,Female,50,대구시 옹진군 03로 19
3d962530-e4d0-4200-94ee-37dd84a8ab5f,남도현,1964-05-02,Female,60,대전시 광산구 15길 36
c63daffc-a90a-413c-a88a-2fea0eca3a43,임윤우,2017-06-12,Female,7,경상남도 경산시 21길 42
e857e035-c2f4-4a4f-8762-5c8fce23ab30,임민재,2019-03-14,Male,5,대구시 연수구 91로 74
6ea35f4b-3e28-4bc3-b4d1-1fa8711e5b69,홍현준,2001-11-06,Female,23,부산시 기장군 20로 35
b1285035-2d84-4776-9d7f-641386755ef9,윤승우,2018-07-23,Female,6,충청북도 홍천군 33길 23
31b4e3e4-8c40-4fa5-a460-c97668084e57,조지아,2010-06-23,Female,14,세종시 세종시 66로 90
257691fb-1cf8-44f8-bedb-960cb91be2b3,성도현,1971-05-09,Male,53,충청남도 단양군 18로 87
e952090a-4225-4b50-a64f-7faca84ce463,양지아,1986-11-29,Male,38,경기도 오산시 54로 31
42c38495-44c1-4305-8b6d-a7ea86b8a748,허시은,1969-07-18,Female,55,충청남도 충주시 11로 90
a38f916b-88ad-4d49-a3c0-522e65319309,유선우,1986-08-25,Female,38,전라북도 홍성군 04로 86
2b2d9edf-839a-45a8-9332-470b99e3828d,김채원,1993-06-21,Female,31,대전시 동구 69길 14
ee4fa4ea-1af3-4d73-97a5-56dab0f49187,구수아,2020-11-26,Male,4,광주시 대덕구 72길 47
649b9c8a-a659-448a-a691-c3827e5d2563,류준우,2017-05-05,Male,7,전라북도 금산군 22길 38
b853083c-6763-4205-b6fc-01adcf9f1dab,차지원,2000-08-13,Male,24,광주시 중구 02길 16
a4bf29f5-8490-49e2-9b8c-bbdae034a67a,조지우,1970-12-30,Female,54,서울시 종로구 46길 13
bdb7c6e7-5689-42b8-ace1-e7ba5862068c,허예은,1973-06-22,Male,51,경상북도 곡성군 46길 44
48119b3d-f74d-4642-8249-2d7bc3ba674c,구채원,1991-07-03,Female,33,경상남도 상주시 50길 82
4aed7247-8095-4487-8d65-78038bb07d14,황지안,2002-11-04,Female,22,광주시 중구 36길 12
989d33d3-3124-4c02-ae78-7a51827ff6f2,한준우,1978-02-14,Female,46,인천시 동구 14로 76
a5081b5a-ca7e-4ea0-a12b-74415aa8bf8f,차지호,2005-06-15,Male,19,광주시 서구 13길 50
ae579e25-5e34-4382-a286-dbe8c3ef03ea,양민재,1965-11-22,Male,59,광주시 유성구 01길 66
26641c1b-7efc-40be-8ffe-5aaebfd2f753,문서현,2022-12-16,Female,2,서울시 중랑구 13길 45
66ce2c70-23e0-4248-a156-fbc5e5e4e90b,임소율,1972-02-05,Male,52,대구시 계양구 98로 21
754cf9cb-4030-4f3f-a4f9-a7c2e2e2539a,조지훈,1964-02-16,Male,60,세종시 세종시 61로 10
ace2beec-821c-4075-aea0-6963fd92799f,박서아,1996-02-11,Male,28,전라남도 순창군 66로 65
0a02b3a9-05cb-4524-8e31-7d2b85d61884,정주원,1983-02-18,Male,41,충청남도 제천시 20로 27
f934792d-d2a1-43da-8f9f-d3f56a14b139,권도윤,1996-08-30,Male,28,세종시 세종시 25로 90
d987a494-911e-48e2-9c2e-f1e16118c8b4,정예준,1983-03-16,Male,41,강원도 의령군 27길 49
e7d6631e-49b3-4da1-9969-3ce00670dabe,송서진,1973-05-29,Female,51,울산시 북구 23길 72
5bbf0333-d544-4b40-9a85-86ec0e940680,정주원,1972-11-09,Male,52,광주시 동구 57로 31
eae755b9-026b-4a53-86ed-2042c02f3a4e,우서준,1971-12-21,Female,53,광주시 중구 95로 64
a93de73a-5141-4d05-85ab-059f9b1afff4,황정우,1960-09-27,Male,64,전라북도 공주시 04길 59
c93e5095-6619-4a3d-b760-f67d4237ef4a,박예원,2015-04-11,Male,9,인천시 서구 30길 43
ddc8a8ad-18ba-48f1-b19a-5d25242e96af,정시우,2001-03-09,Male,23,서울시 성동구 40로 20
22db7558-90ad-4f7b-bb2f-5e39cb917b89,하서현,1966-03-03,Male,58,전라남도 순창군 71길 48
f222c853-f00d-40cd-9bf1-b4dda1a9beb3,신지유,2005-01-31,Male,19,경상남도 칠곡군 89로 19
127298bb-c210-48b8-806f-89934ad8f137,차유준,1967-04-13,Female,57,충청남도 괴산군 95길 73
dded7d24-75c6-4b22-90db-f75ac7bff7de,황시우,1983-03-03,Male,41,전라남도 임실군 75로 03
af699714-98a0-42f1-b10e-7f7d2a6384c0,곽수아,2021-04-05,Male,3,경상북도 담양군 29로 20
41c7fa52-28fb-4cd8-976f-a5a363212536,우준우,1966-11-26,Male,58,전라남도 임실군 35길 64
e38a851c-3043-4143-889a-c0e69c8917ae,백도현,1986-04-11,Male,38,경상남도 봉화군 27길 47
94b92803-36f5-4067-b79e-39981df7333e,하지훈,1964-03-19,Male,60,인천시 북구 50로 36
0bf58c66-3e23-43ea-973a-cd26925e891f,최서윤,2011-05-06,Female,13,전라북도 서산시 85길 01
