Id,Name,Gender,Age,Birthdate,Address
0a497257-2b1a-4836-940f-7b95db952e61,강준영,Male,28,1994-09-08,대구 강서구 59길 66
3e00736a-5978-48ee-9aa9-366b0c4ed0b8,장승현,Female,43,1979-11-05,서울 강남구 88길 78
7b5dda41-7547-4660-ab66-3ad52f739fff,조하은,Male,12,2010-11-07,부산 중구 59로 2
0a234508-1a52-4339-9e49-9c3dcf3d8d33,장은지,Female,37,1985-12-25,광주 서구 31길 41
3166575b-82ca-4327-8992-767848e2afa9,최은지,Female,51,1971-10-08,서울 남구 21길 78
e09c5eea-b984-473f-98be-7fa81361e86e,이서준,Female,35,1987-08-10,서울 중구 52길 26
38957748-049e-44b6-8c3e-5acfadfdedf2,조예진,Female,15,2007-12-15,서울 남구 34로 97
5d11492a-3d41-4241-ab3b-312c68372937,이예지,Female,29,1993-08-14,서울 서구 49로 7
c1da6b3f-51ad-4fc4-8143-5d2b161f44ee,최서준,Female,42,1981-01-25,대구 강남구 25길 95
b94a544a-87a0-4696-9863-eb3b1c140291,윤예진,Female,25,1998-05-08,서울 중구 57로 91
6e637126-f456-449a-b310-361026e68f6a,조예준,Female,26,1996-10-13,부산 남구 82로 61
eaff5dba-872a-4a6d-a3de-b16e1011b511,강지현,Male,39,1983-08-17,광주 중구 5길 90
e6781d79-f7dc-4dbf-9d7c-f744738ac67c,박수호,Male,30,1993-04-04,인천 서구 35로 8
ead0a001-fa59-4f08-a40d-ff375e017653,김지훈,Female,49,1973-11-24,서울 강서구 19로 10
16dccef2-f5df-47ae-b54a-cd1c626e91a1,윤지아,Female,41,1981-07-03,부산 강남구 90로 64
2a912b2d-d8fc-44d1-856a-651cee31f9a6,조지아,Female,26,1997-01-26,광주 중구 46길 6
93b71d05-4dd6-4a0c-bbb1-75aad38480fd,임민수,Male,30,1993-04-05,인천 중구 15길 94
9d51a46c-780e-439e-97fc-86465b95ebab,박아윤,Female,37,1986-05-28,부산 강서구 46로 5
096f8679-7bbc-442f-b135-c530f98d0a8f,최성민,Female,13,2009-06-22,광주 중구 38길 45
aa927e62-7fb6-4807-831e-c7de4e604cfd,김하린,Male,30,1993-02-06,서울 강서구 32길 37
44fcdee2-e600-4bd1-b86a-43ae3ca41d14,김하윤,Female,52,1971-05-26,부산 남구 83로 41
cb5cbf9f-3945-45bc-9579-b582d4a269b1,장아린,Female,23,1999-11-23,인천 강남구 56로 4
0ce3e60c-ce9b-4c32-a8a1-61aaef3d2fcb,윤아윤,Male,47,1976-03-04,부산 남구 4길 31
102ca5f7-909a-4bdf-8fa5-a4575b6bf172,강수빈,Male,19,2004-04-11,대구 남구 78길 59
0f21dea4-02e7-43dc-9ec2-03b621702558,김준영,Female,32,1991-03-11,광주 중구 34로 27
4b7d5483-6463-4046-a817-747604b17f19,이현지,Male,42,1980-09-27,광주 강남구 47로 98
33a4f3f7-fd48-46b4-bf9e-c2f0be09cd3a,정지아,Male,26,1997-01-21,부산 강서구 38로 100
9dc3e937-587a-42fa-b17d-b11642fe0f7d,강이안,Female,19,2004-04-22,부산 서구 42로 6
1ae0c37e-5bc6-4b0b-876b-fab749e171f9,조이안,Male,46,1976-06-15,서울 강남구 39길 97
1ffc16e0-f13a-4123-96d5-849c435deecc,조예진,Female,45,1977-12-13,광주 남구 74로 24
7ec2af3b-b86b-4abe-8b58-356ca74c0aa1,정준혁,Male,28,1994-10-02,인천 남구 48길 46
0a678f31-09b1-421a-9811-2a03a3d09218,장승현,Female,40,1983-05-06,대구 강서구 9길 6
51127fb0-73ad-4945-a896-8c0f3b1f34c7,박승현,Female,28,1994-11-27,광주 강남구 72로 91
788f833c-ee36-4e94-a7aa-c4d129894ae9,윤아린,Male,38,1985-05-16,대구 강남구 86길 24
8efcfbb0-7c77-470e-9341-23011c62cc67,김도윤,Male,13,2009-12-11,인천 강서구 84로 33
5152a69e-0dca-4366-b99b-6e7895befadf,임이안,Male,34,1989-02-01,대구 서구 80로 80
6cf259ed-f64c-485e-b296-00c48ee92c65,장이안,Female,37,1986-05-19,대구 서구 90로 38
de4f5666-94b6-4aab-aad0-94b7329b1fbc,장이안,Male,25,1998-03-02,광주 남구 75로 5
e2c768fd-ff72-4c4f-b5f1-6bd352a67d71,최예지,Male,31,1991-10-06,인천 남구 98로 78
eb7349dc-5eb1-4d4b-bbc0-8f554229b366,최지원,Male,17,2005-10-24,대구 중구 86길 20
31691f48-c19c-48eb-99eb-feabdf5a4cde,장지안,Male,40,1983-03-11,인천 중구 63길 20
a5a282c9-137f-42b1-8b2d-6433f663b1c0,강민석,Female,16,2006-10-11,광주 강남구 92길 39
18a85fc1-6133-44c4-954b-e1ac8fedd97c,김준영,Female,34,1989-04-11,부산 강서구 65로 3
a41fc889-cd99-40ea-b2a6-1525c3f9f6f3,최준영,Female,12,2010-06-11,서울 강남구 83로 93
06dcbb0c-68db-420d-9218-9519ef908e44,박성민,Male,16,2006-06-15,서울 강서구 43길 77
c72cc902-0d35-4bff-a944-1fb3bded2099,윤서윤,Female,24,1998-12-10,인천 서구 44길 67
f87ff0f4-b809-49cb-b0fe-68ad6435ce78,최하린,Female,34,1988-11-25,인천 중구 53길 86
556ab94a-e782-49f0-a23c-55251ff06b88,임예지,Male,31,1992-05-24,대구 강서구 81길 64
934bfac0-ed07-48ce-89ff-bfec277e77eb,강지안,Female,40,1983-04-08,대구 강서구 21길 26
3b4514bb-48b4-41ca-b6ad-0cf514910c3d,윤현우,Female,30,1992-09-17,광주 중구 21로 96
dc4dbc1f-afe9-41d0-b144-f08e7f944129,박지현,Male,46,1976-07-19,서울 중구 77로 56
acf5ab2f-a427-4b58-91c5-b1d553ba17f4,김아윤,Female,45,1978-04-04,부산 중구 17길 84
8da0da15-e4b7-4e96-aa03-438247108465,최지은,Male,16,2006-10-03,대구 남구 58로 16
27d028cd-efb4-44c8-9336-cd7604c40e4b,조서윤,Male,12,2010-08-28,대구 강남구 72로 82
3e7c0af3-47bf-4030-8398-598a81a6a483,이하준,Male,13,2010-04-19,인천 서구 66로 31
abf81726-cfa0-4fde-ad38-bcefb951981a,이아윤,Female,47,1976-04-02,광주 강서구 29로 83
cf86814b-474a-4855-b2c5-4ab00822d305,강아윤,Male,40,1982-12-25,인천 강남구 96로 22
84e18204-10cf-45c4-9e3e-c098b06e39f6,이은지,Male,30,1993-02-16,대구 서구 78로 35
73e59a90-5e36-456d-b180-4c6a8c140d61,윤현지,Female,31,1991-09-24,부산 강남구 56로 6
41adb454-d393-4ab5-9ac9-250fc28163ee,이준영,Male,16,2006-11-27,광주 강남구 1길 96
a4ab9e48-13bf-4421-94d7-880da445a50d,윤아린,Female,37,1985-11-19,인천 강남구 68길 87
47803c48-8b17-4e6d-a5b5-822b79ffa0a7,김지호,Female,34,1989-02-20,인천 강서구 12로 68
a820af37-efd5-43a1-8dbe-e39eaf3f4ed6,임이서,Male,14,2008-10-27,광주 강남구 60길 82
e60a061a-fa9e-4621-8082-39208a93d899,임지안,Female,39,1983-08-04,대구 강남구 43길 59
9fdf25de-1696-4e9d-88dc-a5b57815e317,강현지,Female,28,1995-02-24,광주 중구 91로 53
4f959daf-f378-49b6-9186-cfd022463047,박유진,Male,45,1977-12-04,대구 강남구 7로 10
47f4a870-32de-4c97-83d8-c6bf7379708a,장유진,Male,20,2003-01-11,광주 강서구 65로 92
db94f528-d256-4fce-ad2e-9fec06489848,박지원,Male,33,1989-06-01,부산 서구 62로 76
c4a97190-8d7e-4990-9073-a5833f15714f,강동현,Male,24,1999-05-06,인천 중구 7로 97
ab268337-6d55-41b2-927c-2b27f33d20ac,정은지,Male,31,1991-12-04,대구 강남구 73길 66
02ce2296-2afa-4320-9dc0-54a8810e0c64,최동현,Female,18,2005-02-15,광주 남구 58길 47
2aff009e-0056-4411-9a47-18f21893eec8,장예준,Female,34,1988-10-15,대구 서구 28로 13
0697f109-464d-4dd3-8c9c-0458446755e1,장동현,Male,38,1985-02-07,부산 강남구 74로 70
b4b1aef3-040d-4606-a230-16bb8dd15d5b,장유진,Female,43,1980-04-03,서울 중구 69길 42
6da2aec9-5aa2-4cc4-aba1-df81cef0cc02,정유진,Male,42,1980-08-23,광주 남구 44길 62
af77bf89-bbf8-40fe-bdc8-deef02010018,장지훈,Male,16,2006-09-27,대구 강남구 83로 17
ec367dbb-b0f4-47a4-a43c-f68136b4fc8e,장승현,Female,44,1978-07-13,광주 강서구 16로 90
b144c123-acb3-4987-b8c0-00cc171dc673,강준호,Male,48,1975-05-17,광주 남구 100길 48
d1a376d8-492b-46f5-bbf8-f5e88ac85443,임지호,Male,36,1987-03-14,인천 남구 82길 56
4ec7779f-a359-4e6a-9ee5-f270203269a8,박지호,Male,31,1992-04-19,대구 남구 94길 90
1754dbd5-0569-4c77-8494-3961ac9d37bf,김하린,Male,27,1995-11-09,광주 강서구 23로 16
987b230c-e643-4587-9262-0cdedaa0db7c,장성민,Male,37,1986-04-01,인천 중구 35로 83
48a8ddb4-c533-448b-a594-a7f3895cf077,임유진,Female,15,2007-09-06,서울 중구 57길 82
35e3743b-bdd1-49d5-80b1-0fcdff271594,조하은,Female,45,1978-02-17,서울 강남구 67로 53
bd44b97e-8dc7-448f-bd4d-389c4c47be8e,박지호,Male,33,1989-06-20,서울 서구 7길 100
ca229f65-9ee1-42c2-b45e-b3c325ea512e,임예진,Male,28,1994-08-04,인천 강서구 74길 57
11c94c99-7c8f-4fc5-aeca-1b729ce0eeff,정승현,Female,35,1988-02-22,광주 남구 46로 56
b9f30ce7-ad5a-4a7d-ab8f-89b05100ddb9,이지안,Male,23,1999-11-16,대구 남구 50로 77
379e6c7d-71ef-418b-9526-1bc38989ced6,김지현,Male,18,2004-06-08,부산 남구 34로 50
5fa0753d-5e2b-4c25-a427-930673af55bb,최도윤,Female,47,1975-08-09,인천 강서구 17로 54
5bc416df-350b-4eb3-8b32-b295de55a739,임시우,Male,17,2005-08-27,부산 서구 2로 2
43e13250-10ec-45b3-914b-f3a9169a4678,이서윤,Male,28,1994-10-13,광주 강남구 68로 89
a7a342c2-b3a3-4b7a-a9cc-f23705253db2,윤은지,Male,42,1980-08-19,대구 강서구 58길 73
d6f0654f-def2-4b74-b13a-5993c1b73511,정하린,Male,20,2003-01-16,광주 중구 3길 52
7973e3a7-e7ef-4d51-96fe-a6c304df2c4e,김아윤,Male,15,2007-08-23,인천 서구 30로 99
ffb94436-d05a-4c9d-8942-62c9e6645192,이동현,Female,26,1996-11-05,부산 남구 40길 78
d9c53ce8-67fa-4212-aa3c-e9584d16cf17,조아윤,Male,45,1977-10-16,서울 남구 79길 78
5a1284cb-d963-4eea-a880-e743d3eafb87,박아윤,Male,12,2010-11-16,대구 남구 62길 29
78155b66-ef31-4550-9655-f5359bc9b13f,이아윤,Female,18,2004-12-02,부산 중구 83길 28
3dfcb567-9743-48a6-bfc6-1b92f3b47f37,정하준,Male,15,2008-05-27,서울 서구 60길 78
81ef2212-014d-4d88-8275-b5ce29e86d3b,김서윤,Male,16,2006-08-11,서울 중구 31로 17
2dba24d0-f1c2-4dd8-abd8-a6462a6218cc,장지훈,Male,52,1970-11-22,광주 강남구 92길 10
0958c936-31fd-41a2-8e0c-cd933571182e,윤지호,Female,22,2000-07-25,부산 강서구 41로 55
4407e23d-43d6-4d91-80b2-50c69946b434,윤현지,Male,16,2006-12-10,부산 서구 45로 65
27c7792e-424b-444d-bbc5-8df3e2a594cb,최하윤,Female,17,2005-07-22,인천 서구 7로 39
5881d966-8437-4590-8d79-143829739a3e,장아윤,Male,13,2010-02-02,인천 서구 80로 6
da43260b-20e0-4ace-ab38-7d82f7a1aa97,장지원,Female,16,2006-09-24,부산 중구 42길 20
0a54dd27-2037-424b-a51f-698c647c5332,김하린,Female,27,1996-02-18,서울 남구 18길 29
77144676-0845-4a2b-b20b-ea403cd954f3,임아린,Male,49,1973-12-24,광주 강남구 83길 28
6021b620-9890-4550-ab20-e478872c9549,정동현,Male,35,1988-05-13,인천 강남구 2길 2
e7c9a9ad-6fd2-4dd9-95cd-98d1a785e675,최준영,Male,28,1994-10-18,부산 서구 59길 83
81fae0b3-a7c8-4d71-ad2c-995429ec2553,최하준,Female,38,1984-12-17,광주 중구 38로 4
4057c24f-e51f-41a0-9cb4-230b9c67b53b,박수호,Male,49,1974-02-10,부산 서구 36로 98
222c36f2-95f8-479b-bb80-75a0778a1f30,정은지,Female,50,1972-12-12,광주 남구 99길 36
9f18608f-7fea-4f1d-8a82-71bfc6af91a6,조민석,Male,34,1988-07-15,부산 남구 75길 56
b6a295f0-7ded-4911-8772-d7b28e871833,장승현,Female,36,1986-11-04,부산 중구 79길 15
5de0980a-8305-4aad-a22f-4ed971dbbc11,최지훈,Female,14,2008-11-05,대구 중구 83로 45
d3a1415b-d65b-475a-a322-4181d288a9c9,장서준,Female,44,1979-04-17,인천 강서구 23길 49
ae850edd-e650-4eb4-9a63-bdd9b9cf14d9,윤지훈,Male,52,1970-07-04,부산 강서구 29로 54
d24cb1a5-a551-4de0-99ff-ef5fc4076412,장유준,Female,27,1995-11-24,인천 강서구 5로 47
b571cdfd-f99d-444d-8e8f-4ae443d9fa08,박지원,Female,26,1996-11-09,부산 강서구 91길 8
1f76fd24-da34-4cc8-a283-f12ddaf2b262,임하린,Female,49,1974-01-09,서울 강남구 45로 96
b987a78d-5e80-4066-b46c-b19a6ac64c28,박시우,Female,47,1975-06-23,부산 서구 68길 83
f6fdc788-5299-4094-b677-84dce31d91d6,조민지,Female,46,1976-06-05,대구 강서구 93길 61
ff061688-58f7-4623-8208-2f4d2bc47e63,조이안,Female,12,2010-06-21,광주 강남구 58로 10
30873d40-a9ed-4a68-b8d9-e41f774cad6c,박준혁,Male,26,1996-08-17,부산 서구 26로 75
bd0fd80b-d594-4c1a-98b4-35e7ac60b8a7,조준혁,Female,47,1975-09-15,부산 중구 78길 62
9df19d2e-73b5-4a25-8754-f5d2660f28e8,강이서,Male,27,1996-01-27,인천 강서구 34로 68
f51fb870-25fa-4af6-b9ab-cf361fff5269,강이안,Male,38,1985-02-14,서울 강남구 16길 51
70f553fc-76ae-4578-ab21-5abab13ea48a,강은지,Male,52,1970-12-22,인천 강남구 93로 54
28bee8fe-65c1-4deb-8f5c-88214c116d8d,윤동현,Female,47,1975-12-05,대구 강남구 27로 10
a5044815-c501-4c0e-9913-109d33c57746,장준호,Female,30,1992-06-11,부산 중구 15로 12
0a4bd5bd-7549-4b8a-88dc-0870ee682de6,조하준,Male,20,2002-08-09,인천 강남구 74로 71
4bc009bd-2481-4d2b-8edf-3da0bff18bbc,박현우,Female,29,1993-10-13,부산 강서구 10로 61
f01b4d02-947d-44d8-91f6-306601333783,조서아,Male,17,2005-12-27,부산 서구 69로 87
c63e4ce3-4548-443d-aa59-8fa9c5ea9be5,박유준,Male,44,1979-01-19,대구 강남구 55길 77
f1ac2566-3a76-4a96-8296-235a6fb1f5e6,강서준,Female,50,1973-04-13,부산 남구 11로 68
ae9271e0-a0b8-45a4-ac14-988c40ed167a,이은우,Male,38,1984-08-22,대구 중구 66길 28
bace9eec-94bd-431c-b87b-861e4812dacc,김지안,Female,32,1991-03-08,부산 남구 39로 72
0d774f0c-9891-4835-9dab-26da91f9ad49,최지은,Male,38,1985-03-14,인천 남구 64길 89
f6d589f9-9e7d-4c0b-a0b9-47385ae2a240,이현우,Male,17,2006-03-22,광주 서구 66로 92
8ec190af-12cb-4bb2-8c79-2dcb409d3a25,최성민,Male,44,1979-02-27,대구 강서구 11로 83
02997853-8e62-45e0-b1fa-eff5604a4262,정예진,Male,36,1987-01-26,부산 중구 99길 12
ec0f7d85-7e60-4ffe-b936-44c05875ac99,이유진,Male,35,1987-09-24,대구 중구 12길 9
7a8b2f82-de1f-4e0f-968a-a02c1846992e,최하윤,Male,51,1971-07-13,부산 강남구 89길 32
4a452549-f70b-4257-8b61-5588ecae8d28,정하윤,Female,27,1996-03-28,서울 서구 58길 17
fd4bc2ce-ef81-48fa-a1af-c85418fa1688,정준영,Male,43,1980-05-16,서울 중구 34길 31
8a584f4b-e9d0-48d0-b099-dc1241cc44db,정하윤,Male,36,1986-08-02,대구 강남구 20로 40
ed22e231-d4cc-41c8-8337-c3585d0daed4,박현우,Male,47,1975-08-19,서울 강서구 47로 60
1697b6f0-6de2-4ce2-9826-dd61af543ecf,윤이서,Male,17,2005-10-14,광주 남구 66길 36
249afd3e-a572-4ee5-9b0a-84816a3ee996,임지은,Female,33,1989-12-08,부산 강서구 80길 20
fc8d086c-991a-4237-95b9-cc7e1c16d58b,박유진,Female,12,2010-06-13,광주 남구 41길 62
597c939c-c19d-4049-862f-8ad1e42e1e7a,조시우,Male,38,1984-09-07,부산 강서구 77길 43
c061a50c-d4b4-4c4a-a7aa-6e604eb6b6aa,조서준,Male,27,1995-11-28,서울 강서구 70로 67
b698cf92-ce18-4a99-a2e0-f6c107de7ec9,강예준,Male,26,1997-03-05,서울 중구 38로 44
bd902f69-9d47-4314-9550-9f83f061d776,이지원,Male,31,1991-12-06,부산 남구 8로 93
b46a0051-3e8e-4f75-8c4e-9e7ae7fd86bf,장은우,Male,38,1984-10-14,인천 남구 13길 100
3a9e73a8-1e41-410b-a9b3-9dc39cbc481a,김이서,Female,38,1984-11-11,광주 서구 26길 61
6b5051f6-bc25-4194-8b4c-028305c6c642,장유준,Male,19,2003-10-23,서울 중구 59길 42
7b3abb91-4b40-4d82-9b92-1ebdf38afcb0,이현지,Male,46,1977-03-22,광주 중구 49로 19
22087312-ee5a-44f4-b3f7-ac00438c3fd6,최승현,Female,38,1985-03-12,대구 서구 46길 13
f091ed9a-db1b-47f6-8416-9d551dbdd978,강지원,Female,24,1999-04-22,인천 서구 37로 77
c3857de2-0409-4bb5-bde1-685ef028285b,임준혁,Female,47,1975-09-21,광주 중구 29길 62
e939ea0d-2894-4f51-844e-239c49da38bb,윤하린,Female,18,2004-10-03,인천 남구 62로 54
7130b21b-3783-4c5a-b8b8-686aa45909e8,윤은우,Female,36,1986-07-07,광주 남구 10길 51
21e7ab8e-eb65-4d4a-a795-22d95f2af6c5,정수빈,Female,19,2004-01-14,부산 서구 86로 5
2c0dc212-0317-4d99-ac19-0feedfc8b326,정하린,Female,31,1991-07-22,서울 서구 89로 10
91408206-f428-4898-bb75-ae4416282f53,강지호,Male,41,1982-02-15,광주 서구 11길 12
e7f7d51b-c2d1-43c0-b77d-2a519e3a628b,임하준,Female,37,1985-06-22,대구 서구 71로 47
df876f41-b01c-40f5-930f-6f84fa2b4d00,박은우,Male,13,2010-01-02,서울 중구 99길 58
1cb7fc22-1b83-499e-a53f-703609fe00a7,임지아,Male,22,2001-05-27,대구 중구 98길 43
efea5ef8-61b1-4fd2-9c71-22bab3c54436,조은우,Female,43,1979-08-19,광주 중구 50길 89
d9e6bc46-6614-4f45-9a28-0a8acac1651e,임동현,Male,15,2007-07-01,부산 강남구 19길 40
085fc9bd-95b7-4bc4-82ee-0b4c526c58d4,최수빈,Female,21,2001-08-06,서울 강서구 29로 71
cc442138-64dc-4bc9-8673-0e5e3874cc78,조하린,Female,36,1986-07-26,인천 강서구 66길 84
2ea4ce66-201e-4b4d-bb3a-ab708617b749,최아윤,Female,43,1980-05-12,광주 강남구 59길 58
24fdcdcb-69c0-4c74-bfbf-4188857fa5c4,이예진,Female,35,1987-12-10,광주 강남구 64로 26
559134f8-71a7-4c99-a679-45c4c3b35ea5,조준혁,Female,23,1999-08-21,인천 강서구 27길 61
3f58d3ac-ed60-4535-88c5-4866ed37d686,김하준,Male,13,2009-12-04,광주 중구 28길 94
a1417efd-c375-4f70-8ee9-8c985209b34e,최성민,Male,49,1973-10-08,대구 강남구 61길 23
b7a38b22-a352-4ddc-996f-19c07b60043d,임시우,Female,41,1982-01-14,인천 강서구 3로 62
9789734a-f74f-4e77-9dfc-50c3b45e58e0,윤유진,Female,44,1979-05-02,광주 남구 12길 60
7a0bc40c-e4a8-4d55-959f-88162c21b962,김동현,Female,53,1970-02-26,인천 강서구 74길 35
e4a3e9c2-ebd5-49ce-b540-d428165a0287,김하린,Female,44,1979-02-14,서울 강서구 41로 68
e203442b-1766-4138-8501-ccb504ecec72,윤하윤,Male,19,2004-04-06,부산 강남구 40길 94
d498456a-14a8-4f33-aa0d-dd33eb946b4e,조서준,Female,48,1974-11-17,대구 서구 2로 73
2273ec14-f049-43f3-9bc4-24a8eba5d56c,강아린,Male,28,1994-11-25,광주 남구 36길 13
510d035a-e081-434d-a967-7eab9214cdc0,이현지,Male,48,1975-05-17,광주 남구 40길 74
fc79b06b-1998-4273-97e0-c5211e71ac28,이서준,Male,42,1981-04-04,대구 서구 9로 94
230e5e18-7c6a-460f-9ab5-fc9d5be47126,김시우,Female,15,2007-11-21,서울 중구 10로 10
9ffda871-8193-437f-9908-51029d32b5ad,최이서,Male,32,1990-12-20,부산 남구 2로 29
9ebb4411-4156-4f17-9a79-9d50fbc8799a,김아윤,Female,28,1994-08-26,서울 서구 37로 2
fb5043d3-179f-40ea-aaac-72dfaaf9ed43,장서준,Female,46,1977-04-10,광주 중구 28길 78
779979d2-bd08-4b58-a9fc-154d0830a50b,박지은,Male,33,1990-03-20,서울 서구 92로 70
d0014d9c-5f39-4ab6-a3d9-6531b3184f34,윤지현,Male,44,1978-09-27,서울 강남구 43로 87
693ff500-868e-4863-905b-15bc04a1e4b0,윤현지,Female,33,1990-01-18,인천 서구 74로 62
4a9357fa-d11a-4d3f-9a53-93f8e7d182de,장지현,Female,36,1986-09-06,광주 강남구 52길 40
233b345f-fdef-4eb5-9127-02f493269783,이민석,Female,52,1970-09-17,대구 서구 14길 1
5d70b800-305d-4d23-8650-e8c0aaab63f4,박하준,Female,23,1999-11-09,부산 강서구 52로 89
060df114-92a6-4fcd-a4d6-eb9de8d6452d,최성민,Female,27,1995-10-15,대구 강서구 88로 23
d002847b-b9ee-46aa-9dbf-9207c09576f1,이하린,Female,15,2007-08-01,대구 강서구 69길 13
f966a204-f58c-4925-9f57-71717280752e,강현지,Male,37,1985-06-28,대구 중구 7로 23
d6006b4f-7eae-43a2-8e42-c8e54b09c53d,이지현,Female,39,1983-08-06,인천 강서구 33길 79
e7ebcdeb-cf04-442b-b53b-d6a9658f9cb9,박준혁,Male,32,1991-04-06,인천 강서구 6길 13
a96c3a7e-b59e-4a0e-9c11-8972fed194fa,최하린,Female,24,1998-09-02,광주 강서구 44로 76
55ce3b29-fe20-4657-9b22-481ef14d59c1,정준영,Female,12,2010-12-09,인천 강남구 77로 87
20fe82f5-a7ef-4fe0-8a6b-4a4199183dcb,강시우,Female,45,1978-01-10,인천 서구 54길 73
e9abd465-493d-4bd4-9988-caae813dc657,윤지훈,Female,38,1985-02-15,대구 강남구 26길 95
890c87e1-2f60-43cb-8ddf-67b0435d2d9d,장도윤,Male,29,1994-05-15,대구 남구 25로 69
eba141eb-1389-4fc7-84c1-9469638cc842,박서아,Female,17,2005-11-11,대구 서구 83로 89
3d6fffb5-4a07-4131-a0e3-5a21b8c62fde,이준호,Male,15,2007-06-08,광주 강남구 41로 80
aca0e055-52a9-4e63-9149-76daea87d5ef,조서아,Female,18,2004-10-12,광주 서구 70로 14
6eeeec9a-dc47-4239-9b6c-9e3a4c8302e0,이지호,Male,24,1998-10-16,대구 강서구 99길 3
cae08089-7296-49de-a0b1-0ead1c373305,김유준,Male,21,2002-04-10,인천 강남구 69로 5
aea07514-4fdd-4de3-8dd3-0457d9c244e1,임예준,Female,13,2009-12-06,부산 강남구 46로 74
ece39068-a551-42c6-bf12-7967eb768057,박서아,Female,43,1980-02-19,대구 서구 59길 91
cc8a81e7-8d48-4432-b957-a07358b588be,최시우,Female,40,1982-11-03,서울 중구 80로 66
2dfe03f5-ab9a-4f39-a337-e93b8819f8e1,정하린,Male,43,1979-12-11,대구 남구 88로 11
2276377f-088d-4f0e-bc03-dffb6427975e,장하은,Male,24,1999-04-11,대구 서구 94로 12
7368801e-dd2a-491f-955c-4e2a5c59fa57,박아윤,Male,21,2001-08-08,광주 강서구 70길 11
db73fceb-feed-4ebe-9d7f-a62324006bee,강준혁,Male,24,1998-09-08,서울 중구 91로 31
888c7980-28f5-4ea5-b01b-9d93c0e9b362,김현우,Female,20,2002-12-20,서울 강서구 89로 27
6f87cc10-6cf7-4a1e-b5ff-8d5fec1543bc,김승현,Female,25,1998-01-18,부산 서구 81길 41
231ae995-3e97-49f8-9000-9ee12b887069,윤서아,Female,49,1974-03-01,서울 중구 71길 37
d018fb86-69df-4b5d-843d-c12f2467c75c,최하린,Female,47,1975-11-23,광주 강서구 98로 53
e4c6ec63-bcbc-4dba-8aaf-e4a07f137c12,최민수,Male,52,1970-09-15,인천 남구 15로 94
69234fe8-703a-41ab-bf89-6e48cd671ff6,김이안,Female,19,2004-05-03,서울 강남구 73길 15
bb723156-0ea5-4a17-8be7-95104370d28a,박성민,Female,28,1994-07-23,서울 중구 40길 61
ea290906-c65c-4430-a946-b5fb3dc48a5e,정현지,Male,22,2000-12-01,부산 중구 33로 37
135b5e63-5405-4dd0-93ba-fc1adbe72be7,김준영,Female,16,2007-01-12,광주 서구 100길 14
ed9d0234-87c7-4e66-b0f2-841c334bb4ac,조유진,Male,51,1971-07-15,부산 중구 56길 75
1ee45194-6658-479d-ab37-d4b6b3227944,임승현,Male,26,1996-08-01,서울 중구 49길 57
13d962aa-4e50-4b4a-bd66-d822568b2377,강아린,Female,34,1989-04-18,광주 중구 45로 43
208e9d10-d4a1-43ce-a655-1fa6a35b1284,최서윤,Male,51,1972-04-06,부산 중구 48로 14
098313af-f340-4f4c-95a6-b52275950354,임하준,Male,44,1979-02-15,인천 강남구 65로 41
6f83035d-49eb-4303-b747-b8e9592d1338,임현지,Male,29,1993-08-13,서울 중구 37로 50
ebdfffbc-c723-4482-840a-551702b6ff0d,이서준,Female,44,1979-03-28,대구 강서구 68로 16
bd143ab8-3ccf-4c1a-b375-e937d2fc9a53,임이안,Male,30,1992-09-23,부산 강서구 72길 28
3d13cc4b-ad0b-4d19-8205-177a54c05074,장아린,Female,34,1988-10-18,서울 남구 72로 77
57279abb-c923-4b27-b5a0-4f1dc4055828,최서윤,Male,29,1993-09-15,광주 강서구 47로 71
06d52519-3558-433b-b274-864f01a19a61,윤수호,Male,23,2000-02-27,부산 강남구 12길 74
9f2b5e7b-24b5-4be5-85c3-ab2645980c31,윤수빈,Female,29,1993-09-14,서울 남구 21길 63
f554add0-2a1d-44f5-8b6d-d5675b6e8b41,장승현,Female,46,1976-11-06,서울 강서구 21로 50
c52a33f4-9efc-4721-bbbf-d1e0f1c32c05,정이서,Male,40,1982-12-16,인천 남구 78길 26
793d49db-5d71-48a3-8fb3-778eb2128a4a,최도윤,Female,18,2005-03-11,광주 강서구 40로 6
cfd6a1cb-e0c0-48ea-b3b1-9ed2c682261b,최서준,Male,44,1978-09-03,대구 서구 7길 42
64134a0c-061d-4fb3-9f17-3343e88799f8,강이안,Male,23,2000-01-07,인천 남구 40길 25
b0726077-b9ae-413d-b858-b33d820f7439,임지현,Female,38,1985-02-02,대구 강남구 83길 91
38ea4ce2-79ed-44f3-9944-f7749fe83759,정이안,Female,42,1980-07-09,대구 남구 38길 68
c4dda01f-f777-477d-96d7-8edc0ed31bf0,최아윤,Male,39,1984-05-17,광주 강서구 29로 96
a81eab24-16e0-41be-9cf0-10b71ed680c6,이지은,Female,38,1984-06-12,서울 남구 76로 98
0af68524-d231-47a4-9061-5ecd2746e189,장동현,Male,48,1975-04-26,서울 강서구 60길 43
2e2f7b60-806e-4b7e-8cd1-617c23be97ab,조지훈,Male,20,2002-08-28,대구 강서구 36로 80
434cacd4-1f72-48c9-89d7-c054e9fcc2ee,임민지,Female,51,1971-10-22,서울 남구 20길 7
ff00fc01-d839-4977-bd15-25bf3c00401a,이하린,Male,28,1994-10-18,대구 남구 27길 63
531d872b-1f29-4007-bcba-6bbc046671d2,최유준,Female,22,2000-07-04,서울 남구 52길 89
cc3dfc76-6685-4e87-a396-2a43b2d6fd78,윤현지,Female,33,1989-07-26,광주 중구 44길 83
df5f6171-a57c-4640-b9cd-fa42969fb4a3,이이서,Female,51,1972-03-10,부산 서구 19길 18
68e2dbfb-f2ea-4b30-a685-043236d3e3b8,조하윤,Male,36,1987-02-07,부산 남구 84로 63
b94ba3cd-2ab5-4712-b30e-34e2c9923466,조민석,Male,51,1971-09-25,서울 강남구 21길 49
cace0bcb-1915-43db-b45a-e9a94a8ac8bd,정지아,Female,52,1970-10-18,서울 강남구 91로 68
d26850f0-d0e3-444b-ac56-f9149a196ff1,박준호,Male,13,2010-02-14,인천 강남구 68길 27
2c7e8192-d73c-4735-ac30-01476f3603cf,강수빈,Female,51,1971-06-17,부산 강남구 58로 68
a3dcd5bc-81a1-4a7e-a794-2b1e6c31d345,장서아,Female,29,1993-12-08,대구 남구 80길 64
3e0e900c-42d1-4e83-b5a0-142a9a92885e,최지아,Female,37,1985-08-17,인천 강남구 99길 95
bc8424e5-631d-4886-8917-89fc2ccc1617,장준혁,Male,42,1980-07-17,부산 남구 97로 8
3784277d-28e9-4cc5-8a01-c481230c28cc,임시우,Male,32,1990-06-03,인천 강남구 31로 35
82f501c5-8a36-4554-9336-3d28d51b78ad,김하준,Female,42,1981-05-18,부산 남구 90로 98
86e15a18-89e0-4b98-8d41-82216b9ead2b,정지은,Female,31,1991-06-19,부산 남구 63로 9
1468fa0f-f348-43d5-aba8-ed067114ae00,조지현,Female,19,2003-09-14,서울 강남구 13길 37
76f3225b-ff4e-48b4-9d2e-5f7c15d3cb2f,조은지,Female,48,1974-08-28,광주 강서구 74로 96
65d338c0-c4c0-402f-b548-68612d159fd2,조도윤,Female,40,1982-12-27,부산 중구 6로 41
999b25ef-1c95-40cd-86a5-8f3556ca5d5e,조서준,Male,24,1998-07-21,서울 중구 97길 7
82f5a6de-80bc-4ebe-abba-252cd9ea7f0b,정예준,Female,23,2000-01-25,서울 서구 42길 19
028ec7d3-c1d3-4e2e-a335-a8ab072234dc,장아윤,Male,15,2007-06-15,대구 남구 5길 93
d9771de2-c3c3-4d77-b983-7fa9e5cadf86,김민석,Female,39,1983-12-28,인천 강서구 44길 17
ba299514-e80c-4c26-b05c-7f903f1c90a5,김성민,Male,41,1981-12-15,광주 서구 81길 17
7a402814-0e27-496b-8da3-3eb45944ce49,박예지,Male,34,1988-12-19,인천 남구 89로 76
32c00ffc-bcaa-424c-843b-d3469c6e1d1f,임민수,Female,50,1973-01-10,대구 서구 59길 73
fc1af2bf-a7ac-48de-97da-73aacbed41ec,김은우,Male,27,1996-03-28,서울 강서구 88로 9
86d4e6fc-8d90-489e-b114-64dc1a4a0562,최이서,Female,15,2008-03-07,서울 강서구 77길 95
4be0a9bc-15fb-42c4-9edd-5dcbd5a22d58,임지아,Female,26,1996-10-14,대구 중구 65로 36
9ef377f5-e507-4c1f-9965-54b02d3ce338,이유진,Male,26,1997-05-08,부산 중구 19길 76
d0705b45-5456-428e-992e-aca17c80f9cf,윤하린,Female,38,1984-06-20,대구 서구 86로 30
3adfae0f-228c-4ca5-ae8e-aca801ffbf23,김지은,Female,30,1993-01-22,광주 강남구 1로 67
9a506528-790a-4b54-8c87-bbe9696556d5,박지현,Male,12,2010-08-28,대구 중구 94로 65
b57b5f54-8dd1-4be5-8486-9e942cf817c4,박지안,Male,42,1981-05-28,인천 강서구 97길 35
a08fa26a-ce22-4d1e-abef-f82e1b576cb6,장준호,Female,48,1975-02-09,인천 남구 17로 83
7117c6c8-116a-4d14-8493-53de08829235,정동현,Female,15,2007-11-20,인천 강남구 10로 39
ba972b03-abfc-4ce8-863c-c68ce23061f9,정수빈,Female,21,2001-09-18,대구 서구 6길 47
cedb1496-ae6c-4c75-b030-8475426ed20a,조서아,Male,48,1975-02-25,대구 강서구 90길 74
5e4bb45c-3f7f-4e8f-a794-a11c5332d3f5,조시우,Male,36,1987-03-14,서울 중구 79길 38
0a063b55-79c5-42d8-aad9-7009c8c722c1,조예준,Female,30,1992-08-12,광주 강남구 96길 98
56e26303-84d8-4d03-9957-e01f9ddcb1e0,정시우,Female,37,1985-12-04,부산 중구 28길 54
0e1c8373-b131-4b89-9d12-51377e5e643f,이동현,Female,15,2008-02-09,부산 서구 30로 33
dd8a682b-4b85-4ade-85d8-416bc6edcc97,박성민,Female,35,1988-03-08,인천 중구 21길 2
e1b215ab-5a75-4845-afc5-188dcbfbb20a,강수빈,Male,18,2004-09-26,대구 강남구 34로 76
32431881-d7a5-4bbc-bf69-ca21ba0d07c2,조유준,Male,44,1979-01-14,광주 강남구 4로 90
760f45ad-aa5b-4b7d-9e22-52499df5214f,정지아,Female,47,1975-08-17,서울 중구 22길 4
6cf8ffe7-25a5-4afc-86ca-da3be2daf922,이지호,Male,18,2004-12-23,인천 강서구 61길 66
b58b1796-d512-4997-bada-d48caaa07f72,최준영,Male,49,1974-04-11,인천 남구 89길 6
772526b7-57e0-4b22-b6ca-d64665d11877,임준호,Male,45,1978-01-28,부산 강남구 80길 68
222eed5d-7383-4f44-adb4-ff245557e459,장하준,Female,38,1984-08-21,광주 중구 26로 65
4c3dc586-23f6-41bf-8266-9f7c3cf428bf,임준호,Male,16,2007-03-12,광주 강남구 91로 51
ae1ed66e-4f50-4240-b6f2-06af1fbee415,임수빈,Female,43,1979-12-26,광주 강남구 11길 46
f16ab0cb-7a92-4815-a55c-7716c9ed1f7a,정지현,Female,24,1998-10-10,인천 강서구 7길 71
79b3cda8-ada0-469d-b268-9f8a45845b2d,김아린,Male,28,1994-10-14,인천 강남구 10로 77
4d240f29-a1a7-4cb1-97dc-d37f11f259ab,장예진,Male,15,2008-05-24,인천 서구 67길 99
d5c73cd5-b1e2-465f-b73e-460f1008e1c8,조유진,Female,33,1990-03-16,광주 강남구 24로 89
c68eb4f3-b647-4adf-b61f-062529afc927,임은우,Male,50,1973-05-20,인천 강남구 44길 47
281cfea4-2c4b-40ec-89af-13e571aea8ce,장지훈,Male,26,1996-10-22,서울 서구 29길 85
ebb4e883-38e6-4051-864b-da4ec785cb1e,조하은,Male,29,1993-10-15,인천 남구 26길 50
b7291734-dc3b-486d-946b-b4600b859d4c,이은지,Male,29,1994-02-17,인천 중구 79길 5
6f7571fa-137b-46ab-b8ef-a567d72a55c8,장지은,Female,24,1998-08-09,부산 서구 8로 29
eeeedf3e-5577-40ac-ba7a-f6da26724040,김준호,Female,49,1973-06-04,인천 강남구 80길 23
6e5caef6-57cc-471c-a19e-2e55e04ec0c5,박서아,Female,16,2007-05-17,대구 강남구 90로 4
5c7824af-b850-45e5-a32d-928ce4eaab22,정준혁,Female,26,1996-07-23,서울 남구 33로 64
07ce99d3-3bf5-4c0f-b8d8-a8bf91e4016a,이유진,Female,26,1997-02-24,대구 강서구 49로 25
91fb191b-d0da-4252-a3f0-60e00f53d85f,장유진,Female,22,2001-02-13,서울 강서구 49길 90
1c6833bb-1be7-48bd-bab0-1365a17a18e2,장은우,Female,25,1998-02-19,인천 강서구 79길 83
d5c48046-5508-4741-8f32-88112b960275,최성민,Male,29,1993-12-27,대구 중구 44길 34
547b12b9-97b7-4cea-acdb-41deffd35703,박준혁,Female,15,2008-04-09,부산 서구 87길 55
a9c30710-9258-4469-b4b0-61ea8f910fbc,조하은,Male,36,1986-11-01,서울 서구 65로 62
02097227-b8dd-4d24-9ce5-f898737b5f46,조수빈,Female,17,2005-07-22,서울 중구 39길 59
8af511ff-dfb3-40e8-a211-e2da451dfac7,윤서윤,Female,21,2001-09-22,광주 강남구 9길 34
21a8c7e1-2d89-4077-bee5-a71c63c48daa,정아윤,Female,24,1998-07-07,서울 강서구 13로 71
bbd249ab-a325-4438-b011-f382a205539d,윤유진,Male,13,2009-10-19,인천 서구 84로 85
ade8216e-e157-48de-9912-d0c3c617f0a3,최민수,Female,47,1975-10-09,대구 남구 98길 85
8ff005d3-52a7-4888-bdc6-fe8d39b4cdbd,이서윤,Female,28,1995-01-03,인천 중구 3길 99
505cc989-136a-4e21-83f3-f15bfe684c02,이지안,Male,51,1972-02-14,광주 강남구 8로 55
d04e6bda-732d-4264-9d87-e78af980f7af,임하윤,Female,42,1980-12-18,서울 강서구 6로 95
62cf1a93-f7a1-4f9b-a273-f7e51b850b0f,임지호,Female,17,2005-08-16,인천 강서구 14길 64
6203a9a0-0a61-4e41-8750-00a5806e067d,장성민,Male,37,1986-04-12,광주 남구 9로 76
b1341e08-34e6-433c-86e6-4fb356b9d887,임하준,Female,16,2006-12-04,부산 남구 82로 39
24739f38-4a6a-41f7-8e2f-eecb0023ab78,조수호,Male,21,2001-06-04,광주 남구 40로 20
d79b72ef-e5c8-40f7-8dcf-a3ee31e46ba7,강서아,Male,19,2003-06-12,대구 남구 67길 89
92e4dc2a-caf8-4cbd-b9f2-f51f484b1a76,이유준,Male,37,1985-10-19,대구 남구 84길 92
99055af6-ce12-4fa3-92d7-cef4f111fc4d,박하준,Male,18,2004-09-26,서울 남구 42길 77
7a9c126d-67c7-47be-a886-992917156051,임현지,Male,41,1982-05-19,인천 남구 29로 76
8935e582-4d0d-470b-b20c-46ee234e2ade,정예진,Female,18,2004-10-11,서울 강서구 99로 45
859b2b58-9ff6-4ea2-ae7a-de70ce06412c,이민수,Female,27,1996-01-10,부산 남구 80로 88
58f29af7-8fcc-4bf6-9296-48c38221dce2,정수호,Female,26,1997-04-01,인천 남구 41로 55
d040f8ef-a2c4-4bd8-9302-d25513235cfc,이지호,Female,17,2006-04-11,서울 강남구 78로 14
29c7d648-ebbf-45c7-b0fd-d6de283035dd,이동현,Male,19,2004-01-05,부산 중구 28로 27
c562fe6d-be08-4481-aa79-3d07714857fb,임동현,Male,31,1992-04-16,광주 서구 59로 40
83c3d0a9-ac98-4a3f-8e8b-bf07a8c78fde,박하준,Male,41,1982-01-24,부산 강서구 33로 30
e4522beb-f766-41c3-b829-c5f142dbf2e2,강시우,Female,22,2000-10-18,부산 중구 25로 98
8a440fee-b0e2-4b94-bf61-ca53c04067a1,김은우,Male,36,1987-02-23,인천 중구 23로 70
9530a8a4-e424-44cd-b0ad-dd959eae9e54,김서준,Female,42,1980-11-15,광주 강남구 1길 72
cf72c0f0-552a-4c2b-87b4-b36e309c1e2e,강준혁,Male,24,1999-02-04,인천 서구 22로 43
6da85d44-63f0-49af-bead-19a408746fb9,이승현,Male,47,1976-01-12,인천 중구 17로 19
95eb1560-d7fe-4089-9497-542a8a225c32,임준호,Male,27,1995-06-19,광주 서구 91길 60
db39cf2b-4e1a-4a4b-a5f4-794f2f922413,이수호,Female,44,1979-04-03,부산 중구 5로 37
6fb28c38-b007-40fa-865e-8123459e4c66,박지안,Female,17,2006-01-07,서울 서구 21길 53
9f365640-4fdd-44a5-94b1-00356463dbd6,임지아,Male,30,1992-09-18,인천 강남구 54로 17
d0f7208e-b55a-4d31-8216-9c96f02068ac,최지아,Female,15,2008-01-17,대구 강남구 33로 99
e9c5191c-27f5-4aef-8f7c-d9fc4001d05c,강예지,Female,33,1990-02-06,부산 남구 38로 39
40054fed-1d81-4a96-a7df-7f7515e85933,강승현,Female,26,1996-09-19,인천 강서구 83로 48
5f2f2b6e-7554-4b93-a598-f7efcd9ab7e7,김하린,Male,32,1991-04-16,부산 남구 81길 99
44c20a82-547d-48f3-bf34-131680ff2c24,임서준,Female,43,1980-02-09,대구 서구 71로 11
683a0057-85b3-49eb-95f9-4b9bb5f4118e,조민지,Male,28,1994-06-13,부산 중구 40길 56
75c3eedf-85a0-48c0-93af-9681d0e74442,최승현,Male,16,2007-01-02,광주 강남구 47로 31
1e83c37e-2278-4a9f-8009-4fa4a619a55f,강하윤,Male,44,1978-06-27,대구 남구 4길 16
535aa54f-76b9-4a38-917f-fdafea64f207,이현우,Female,24,1998-12-01,인천 남구 10길 14
860d6ae7-8327-487c-bb62-850c0e709d8d,김민수,Female,22,2000-08-12,서울 남구 76로 19
673799c2-24bf-420c-90e2-73eb83a89c6e,조수빈,Female,29,1993-06-25,부산 강남구 34길 100
24d95183-b43e-4b28-a771-3d68e9395ef3,윤준호,Male,25,1998-04-14,광주 강남구 13로 77
f06f62ba-9807-4b1f-8b41-b0d8b1783e9c,윤유준,Male,48,1974-08-22,대구 중구 14길 27
a89f857e-66e8-4f25-a17c-e924b9322f03,이준호,Female,52,1971-01-16,대구 강남구 1길 1
ea1c737e-ebfb-4983-b340-953215b631a4,최서윤,Female,34,1988-08-08,대구 강서구 9로 74
23eb53f1-5dfd-47ee-b216-8d5dc3a239d2,이민지,Female,44,1978-09-14,서울 서구 44로 68
736590ec-3b3b-4124-be9b-47e5181850d5,최성민,Female,16,2007-03-28,서울 강서구 87로 99
ff137a3f-87e8-489f-8c1b-9d094d6a1f86,정예준,Female,40,1983-01-14,서울 중구 74길 8
7811c194-1fa4-4734-92a9-9eab8e35888e,강예지,Male,39,1984-05-13,대구 남구 32로 68
50cd843a-c3ec-474c-a0c1-811ced819f11,윤현우,Male,33,1990-03-25,대구 서구 27길 62
4b0d194b-086c-47f8-9644-22be8f0f001f,강준혁,Male,24,1999-04-14,인천 남구 64길 46
e7662b48-b0e0-4b7b-bbce-88cbc90e7957,강하린,Male,41,1981-10-19,광주 강서구 87길 22
969ec1d2-59ad-4452-a7f7-d6e221330cf5,윤지은,Female,28,1994-10-01,인천 남구 2길 75
7be8c606-2229-4af0-9d47-19207a2089c3,김민수,Male,44,1978-10-24,부산 강서구 23로 51
e09be8d1-b59d-48e8-8464-e15cccabb83c,최예준,Male,28,1994-07-21,인천 서구 94로 34
55bcaf2c-11c2-4442-b2f8-0ac97e6f1772,최은지,Female,34,1988-11-15,광주 서구 68로 69
f08a4538-ea9a-49b6-be2e-6bf7fd35a79d,장서준,Female,19,2003-09-10,부산 서구 70로 51
c1cd30ba-5f40-4f0c-9f3b-7be3ed3f9888,박민수,Female,20,2002-08-05,광주 중구 67길 95
42d7b40e-a8ef-4bbc-b303-62dc9f998119,임성민,Female,29,1993-09-06,광주 중구 8로 46
75ec5903-10e4-45ae-9d94-2b6f0cd8fbe4,김동현,Female,18,2004-12-25,인천 남구 64로 3
47f4b9f8-d36f-407f-bb51-02470f3deff4,이승현,Female,51,1972-01-02,광주 서구 34길 16
0e48a95f-8368-4c69-8821-1b0d41454783,이유진,Female,32,1990-12-02,대구 서구 82길 84
fc75a73b-8213-491b-9f7f-253be6771a09,조예진,Male,39,1983-08-26,서울 강남구 29로 93
c527e7c8-be5e-4773-8b22-f8a0930557ba,김민지,Male,15,2008-03-15,광주 강서구 82길 32
d816e55d-e4a7-4949-acec-ff3fcfdc6bfa,조은우,Female,17,2005-06-19,서울 강서구 47길 17
b0a6cb15-46bd-4376-9bb0-5550b242d95c,최이안,Male,43,1980-03-28,인천 중구 14로 2
a826d283-217e-4766-9b74-8fed333f3a0b,김승현,Female,27,1996-03-04,광주 강서구 76로 90
f5443045-d0e1-4334-8e9b-d1e80a3eee3a,강서윤,Female,22,2001-02-23,부산 강서구 59길 23
3de3eccb-3042-4b5c-bec2-ac9e9ca8e1c8,이예지,Female,26,1997-05-19,광주 강남구 24로 31
aa201abd-023a-4a3d-898b-a28c53ae3908,박유진,Male,15,2008-04-07,인천 남구 22길 72
9f78fa7f-2ba8-4f2c-a703-8343d935014d,박하준,Female,22,2000-06-13,인천 강서구 96길 96
d65ef6aa-c4b5-411f-9733-a15ea35b6425,최민석,Male,16,2007-03-01,인천 남구 97길 85
06bae7a7-fa87-4afd-b312-80a0bd3531dc,조예준,Male,27,1995-08-10,대구 남구 71길 100
4304d199-be1d-477a-ad49-1e9738350466,정유준,Male,15,2007-08-15,인천 강서구 96길 27
57da7571-c9b3-480f-960c-c94efbe5d85b,장지훈,Male,34,1988-08-02,서울 강서구 21길 73
57d4761a-36b6-4c4f-bbe1-fa5694be8d99,임민지,Male,18,2005-05-20,부산 중구 13길 17
9ee9b129-450d-4e46-b5a7-25b6b568598d,조도윤,Male,16,2007-05-14,대구 강남구 5길 73
52af4d48-336e-415e-a8dd-fc8c1c5f45a2,박이서,Male,37,1985-07-22,부산 중구 19로 31
5a1116f2-2d85-402b-9c0a-35954fbf5feb,임지호,Female,22,2000-12-14,인천 강남구 69로 35
9cb28901-c5b9-4901-a71f-02c208a3f179,이준영,Male,38,1985-03-04,인천 서구 96길 14
5c93d4d0-c85c-44da-9f2c-2cb4202bd3cd,강민수,Male,23,2000-02-21,광주 중구 87로 74
75c1acd6-28d6-47ee-a9bc-3e17b639fb26,이하준,Male,34,1988-09-21,대구 중구 59로 85
29d209d3-3e78-40e1-8ffa-eab0fa28bed9,조준혁,Female,42,1980-12-07,부산 중구 19길 72
c9c7b0cf-1391-466f-a1be-f99eb7371a8f,조민지,Male,36,1986-09-15,서울 강서구 35로 56
4c5a6ce6-e32b-4a62-955d-f37df1feb2b9,조예준,Female,46,1976-11-10,부산 중구 89길 95
b04b1cd6-ecd1-4ae7-b3b2-41d2cbcdf15f,이하준,Female,47,1976-04-22,광주 서구 78로 69
86286529-e556-4c8c-bed7-672d60442d0c,임현우,Female,37,1985-12-21,대구 중구 1길 83
91d3fffc-51db-4489-9764-cfaad92edc17,강도윤,Female,19,2004-01-20,서울 강남구 22로 72
9f49e5a6-5a5e-4e59-8530-64449ee3ff0f,윤이안,Male,48,1975-01-06,광주 강남구 21길 79
f3bfbbc7-8200-458e-b41f-ae9cebd6c488,정지호,Male,44,1978-12-02,광주 강서구 99로 82
a564a433-fd60-412c-9da9-4fee73e3d917,박아윤,Female,33,1990-03-05,광주 강남구 50로 25
af8f83b4-0d79-4821-a713-a9c0bc394910,최도윤,Male,20,2003-05-16,광주 서구 10길 48
1343a944-9ee0-4d10-bc68-52c2f58e7e46,윤유진,Male,16,2006-06-14,광주 남구 14로 54
33294aa3-eb7b-42f9-a293-0df5ec67e20d,김민석,Male,37,1986-04-01,인천 중구 62로 78
0f2aefdd-6d5a-4f96-9625-9cb5a312cacc,강민석,Female,17,2006-03-08,광주 강남구 32길 58
590c4d8e-bac5-4241-8b03-6495d10385f7,윤아린,Female,20,2003-05-17,인천 중구 40로 40
43f38f02-76f4-4d23-8fe6-5cec1278733d,장시우,Female,38,1985-05-06,부산 남구 75길 86
5fdd7aeb-799f-431f-a4de-cb162be4b3ef,이예준,Male,47,1976-03-17,부산 서구 69로 46
420af0da-834a-4957-9b81-d42c635a2709,조이안,Female,34,1988-11-03,서울 중구 14길 93
6a9ce811-a958-4c2a-a8f7-3062ba105f11,윤지원,Male,35,1987-07-12,광주 중구 9로 72
0fe61d8f-1fd4-4014-b3e8-eecaec92291e,윤은우,Male,29,1993-11-12,서울 강서구 72로 90
2ad7ab19-7ae7-4e01-8ee7-d295ab3f6cbe,윤예지,Male,16,2006-08-22,광주 중구 43로 40
7e61036c-94c9-43ab-a6b1-d1d6c3d7dbd7,윤은우,Female,35,1988-01-04,대구 강남구 56로 95
fa20566a-18c2-458f-8c4e-494a15dc0978,최도윤,Male,45,1978-01-17,부산 중구 3로 3
dc430134-e30c-4ebb-bfa3-cab7dfe297b7,임준호,Female,19,2003-07-11,인천 강남구 14길 79
14c801ed-eebc-4e34-bfd4-d9d50d915ad8,임승현,Female,20,2003-03-04,광주 강남구 61로 99
2ac51c05-47ef-484a-b99d-c87a6bf5cdc5,이지원,Male,24,1999-02-23,부산 서구 5로 20
0588e0d2-b09e-4242-b44f-65be0fd19d56,최준영,Female,17,2005-08-05,대구 강서구 18길 61
5052b3be-73d0-45ec-bb8e-22a16e45ca86,임민석,Female,40,1983-01-02,대구 강남구 19로 42
0952d5a0-aa79-4621-95b1-e2fb5210bbec,정아린,Male,17,2006-05-10,광주 강서구 66로 87
344dcdc5-2cc5-41d1-b0cc-57977ac67fe9,강지호,Male,33,1989-10-24,부산 서구 26로 38
a485433a-bd37-4bf0-a68d-eedc182ee55d,김지현,Female,18,2005-04-24,인천 중구 64로 48
5c6ebc99-9973-4b3f-80a8-04231beef79f,강은지,Female,14,2009-05-08,인천 남구 69로 14
be1f086d-c104-40c5-83fa-823440b2abf6,최준영,Male,49,1974-01-23,광주 중구 48길 60
21734008-49aa-4fe1-938a-722276f52b01,윤하은,Male,37,1985-06-08,광주 중구 5길 13
552ad5f3-ded7-4b52-8448-19a3fa2584fc,강준영,Male,12,2010-07-26,부산 강서구 79길 58
02f9d2f8-b9d5-4d73-accb-65a79d1da72b,윤서아,Female,47,1975-08-18,대구 서구 17길 66
472c1776-91f3-4e36-a0e9-f1cadcfa615c,박준호,Male,16,2006-09-07,대구 강서구 85길 74
235412bd-fe4d-46d4-8f31-f458a0d616c9,임성민,Female,26,1996-08-22,부산 중구 34길 85
64a44be9-a9d6-4706-b931-d33e4c4fc196,최준혁,Female,19,2003-11-05,대구 강서구 91로 63
893d9db7-07d6-4914-8850-dfca52745a59,김이안,Male,21,2001-08-13,부산 강서구 99로 80
2a41b976-79fc-4950-98ae-c177aad48d37,조서준,Female,43,1979-10-04,광주 강남구 79로 95
f1546412-c183-4adb-a9ca-b0583e48eec6,임아린,Female,20,2003-04-06,광주 강남구 23로 22
c3fb805a-e957-4261-8ed2-9a17839503e9,임유준,Female,44,1979-01-23,서울 강서구 21로 76
a93565e2-ccd8-4448-94f2-56023443ce42,윤서아,Male,26,1996-11-13,광주 서구 39로 7
f2d5f340-908c-4edc-9325-099ed1d92d07,장지은,Female,33,1990-02-04,대구 강남구 6로 79
63a063ed-29fc-4f93-ae5b-87134c765a4f,강시우,Male,13,2009-07-26,부산 강서구 86길 21
87104e50-a114-4184-a09d-b444827ae142,조지호,Female,29,1993-10-05,광주 남구 12길 87
4c930369-453b-499e-829b-73783678a674,박수호,Female,13,2009-09-24,서울 서구 36길 78
26d4adce-d7af-4bd4-8d42-6139676287a0,이예지,Male,16,2006-08-02,대구 중구 95길 43
dd81447e-fae6-4789-acc5-320aad50beeb,장예지,Female,22,2001-02-13,서울 중구 50길 48
f8d2ec74-d850-4182-92c2-58b536887037,최민석,Male,46,1977-05-18,부산 강서구 57로 59
cdc08efc-be04-44ef-a52e-d8a48904b575,박예지,Male,46,1976-07-24,부산 남구 31길 83
77eb7e2c-7d3e-462f-ac41-2c8282d6023f,이승현,Female,29,1993-08-14,광주 중구 87길 68
345094e7-9fa3-4521-b550-8d1f0a08d536,박하은,Male,20,2003-02-07,대구 중구 46로 67
f9a887bd-c065-456f-961f-0db3f3125326,임서윤,Male,32,1990-06-20,인천 중구 93길 81
35bb711b-17b0-43ac-9329-9bfbe2ecd34e,장하린,Female,27,1995-09-26,대구 남구 51로 46
8949b0ae-a76c-4727-8e78-9ac22345999d,임서윤,Female,17,2005-09-20,부산 강서구 72길 75
ab98cbe3-626a-4392-9e34-deebf71844e0,윤예준,Female,53,1970-05-08,서울 강남구 62길 21
f1af9682-9bed-42c5-a565-6be272973c06,박수빈,Female,30,1992-08-26,대구 중구 5길 49
27b5654f-1223-4ca5-8c14-d57b122824ae,박은우,Female,36,1987-03-25,광주 서구 97로 85
7e87f601-4ad7-4d14-8dbc-3dfd12de427d,윤예지,Male,23,1999-09-01,서울 남구 74길 90
d4d31afb-176d-4326-9ce7-581832fdf0a5,윤서준,Female,32,1990-11-09,인천 강남구 32로 11
19ab93e0-0180-4cc1-bc33-ab50a4be3fab,박현우,Male,45,1977-10-25,부산 남구 39로 74
79883521-6a50-4e5e-9d65-3130b6632f38,이동현,Female,48,1974-06-20,대구 강남구 11로 27
ca1b6e7a-e3b2-4eb8-9adc-a95b5bbd2b24,임지현,Female,26,1997-03-14,부산 서구 21길 61
c8e7f052-86e8-489f-be6c-52f8e25996d3,조유진,Male,38,1985-02-09,광주 남구 90로 54
856c376f-8df3-4d03-b34e-ac28770d7822,윤지현,Male,27,1995-06-15,서울 중구 1길 28
cfb03808-c304-4ed7-9312-36f370e3205a,장이서,Male,50,1972-06-06,인천 서구 5로 36
a784a046-59fe-46d8-b0d5-4eaf858fbb84,조준영,Female,23,1999-08-17,광주 강서구 1로 97
dad60eda-f631-414e-9918-9e2c6050c0ff,임지원,Female,29,1994-05-03,대구 강서구 68로 42
d2e71613-c67a-4d01-ab4e-3175ce094b7e,강민석,Female,28,1994-07-28,부산 남구 46로 12
c7d4e67b-8375-42c8-8485-ce35f22c712d,임서준,Female,16,2006-10-04,대구 서구 84길 35
c34bf392-cb6f-4ee5-b583-dac99aa56077,김예준,Female,18,2004-09-24,인천 강서구 61길 84
12f55fc4-3501-4276-998a-877f13eb6ef8,장이안,Male,47,1976-01-12,대구 중구 71로 80
b60b0b0c-c6e0-4e15-a1fc-ac094351bb0a,윤지호,Male,26,1997-01-14,부산 남구 85길 82
64ad54e0-a062-4bdc-9b6a-e0cc240b3c4d,이지안,Male,29,1993-08-04,인천 강서구 23로 60
13bde2d8-26fa-4b6e-a63b-3c5c18db1177,최서윤,Female,29,1994-03-23,서울 강서구 92로 88
788209db-daff-4dde-931f-602fcdf67bb3,박현우,Female,47,1976-04-04,광주 남구 30로 20
ee78bb31-6328-4861-b226-99a692bb6f13,임지현,Male,35,1988-03-24,부산 강남구 12길 26
3bee12c8-01d9-439c-9b4e-49e5d425457c,윤지훈,Male,40,1983-03-17,광주 중구 39로 60
ba3b543d-396b-46cc-acb5-07a5ecad678c,박하준,Male,34,1989-01-05,부산 강남구 20로 22
5e21573b-7f60-43a7-9d80-bac7e3b61e93,강지안,Female,23,2000-05-02,대구 중구 62로 30
6db7d9ef-8721-4d00-afa3-4a07bdc2b503,김지원,Female,26,1996-12-17,대구 남구 35길 9
28386708-a333-4186-987b-a15d37783319,장지은,Male,31,1991-12-20,대구 강서구 25길 22
88213cef-8a48-4f2c-b0d8-fa7608f7017e,이하은,Female,41,1982-03-26,대구 서구 20길 40
732fa512-26db-4d46-8f6a-4647f13e30a1,장수빈,Male,35,1988-03-09,인천 중구 63로 44
e49614e1-33ff-4778-8e48-3a104142a01a,윤하윤,Male,43,1979-06-02,부산 남구 77로 61
e8535bf2-06d5-4128-b7cb-8a63bae94c02,임하린,Female,17,2005-11-25,광주 중구 89길 15
b38585e5-551c-4c61-b003-4c17a0b47af2,장서준,Male,31,1992-04-16,인천 남구 88길 48
943872fd-7943-411f-b265-1647c655a191,박준호,Male,33,1989-09-21,부산 중구 86로 94
d613be65-5e6b-49b7-9fbc-590227a14166,김예준,Female,24,1998-10-05,광주 서구 41로 65
b72517b6-c7fb-4550-8d8a-c69ae01f3fcb,윤승현,Male,26,1996-09-06,서울 강남구 20길 47
56fab358-da84-4c52-afad-e05a84682561,정하준,Female,40,1982-07-14,광주 강서구 36길 89
4d545c50-f860-4d74-8812-887e78dd7b5e,김민석,Female,47,1976-02-12,서울 강서구 40로 23
9d7d0de5-edda-4b48-8f42-da508e633e58,장지호,Female,43,1979-10-14,서울 강남구 94길 36
55401cc0-0577-49b6-912d-06a41b6a2b6c,이준호,Male,16,2007-05-20,부산 중구 79길 92
1be1d902-0849-4534-887b-d7fe8c21469f,정예진,Male,25,1998-01-03,서울 강서구 70로 5
bbeb2f8d-a1ff-4f73-9228-34f6ebf57d04,장수빈,Female,34,1989-04-22,부산 강남구 7길 60
359bdf81-f733-4be7-9f47-395cdcd9f033,임민지,Male,25,1997-07-14,대구 서구 2길 65
b3c6f4fa-fdde-47eb-afe9-cfb0dd075f4e,김아린,Male,27,1995-09-11,인천 강남구 81로 4
ce21587a-d8ba-4d7b-81bc-2ac78861a0c7,윤민수,Female,41,1981-07-14,서울 서구 75길 99
8e4e7c40-f5b6-4557-8492-45a8d0e28baf,조지현,Male,16,2006-08-14,대구 강남구 88길 99
a5ac4466-f785-4806-ad8b-46e88ef40432,박성민,Female,33,1990-02-17,광주 강남구 38로 100
7463d73e-a3b0-4ee6-b3a1-3865cb44b301,최지훈,Male,37,1985-08-24,광주 강서구 49길 17
b334074f-6601-487b-942b-24a74ba367eb,임지훈,Female,51,1971-10-13,부산 남구 8로 54
5203f12d-2be2-41f0-9172-a7f9778c5912,정예준,Male,19,2003-12-22,서울 강남구 9길 39
e2583adc-5cf9-4302-b7b0-902a257e05f5,조승현,Female,18,2004-12-23,서울 서구 59로 100
0d36834a-9912-4163-8337-cfd030457828,정서아,Female,36,1987-04-16,부산 서구 93로 42
36daaa7e-e5b9-48dc-8a5b-dec9ccdc8fa0,장아윤,Female,29,1993-07-01,대구 남구 57길 45
9f49cfc0-8b4a-43c9-a519-92ee96bca704,김하윤,Female,25,1997-08-20,광주 강남구 64길 49
a057daa8-e30b-48c1-916b-aaff543b7f71,김지현,Female,32,1991-04-02,대구 중구 4로 31
50fab7d6-b14d-4262-8fd2-e30e0b3d81e8,윤동현,Female,17,2005-12-15,부산 강남구 4로 19
8414ff17-9d44-433d-a43d-ad4aaa5bc0c2,조지아,Female,20,2002-12-10,서울 남구 84길 51
8ca80b09-24c9-437f-bb11-40162e462574,윤지아,Female,47,1976-01-02,광주 강서구 60길 97
13ad3c8e-12e5-442b-a3ae-54b533ebbf56,윤지호,Male,36,1987-05-20,인천 서구 76로 24
9babc979-7e29-49b6-a77e-ceb0305d876a,장지안,Male,30,1993-02-26,광주 서구 18로 29
998521da-e8c3-4d03-917e-ff2576abed03,강도윤,Male,43,1980-04-09,대구 남구 96로 51
03bfed3f-a20b-47f9-be7c-d66e8da10db7,윤민수,Male,12,2010-12-12,대구 강서구 13로 6
ee9a5ac2-fe55-46c9-a9d2-f8acd38a01a3,이현우,Male,29,1994-02-10,대구 강서구 82로 81
3b7079a6-117d-4680-a20d-7c89cd37d648,윤도윤,Male,37,1985-11-14,부산 강서구 3길 98
57b30410-cced-4023-8b74-f721cc2d4a79,강하은,Male,44,1979-05-20,인천 서구 52길 44
17e1ed1d-0dcc-4abb-9003-5c225c184c90,장하윤,Female,19,2004-02-13,인천 중구 91로 73
f520d236-e6cd-457d-82e4-8910c0c6d1f1,박유진,Male,27,1995-06-14,서울 중구 100길 54
d0c77716-8541-4cfb-83ac-cf0380855a14,최지아,Male,30,1992-09-01,부산 남구 91로 84
46718aef-e045-4fb2-80e4-9eb1f6c9fb40,김지아,Female,30,1992-06-01,인천 중구 47로 27
fcb62305-0faa-4baa-9c4e-bf3a012d290b,이성민,Male,23,1999-06-14,대구 강서구 35길 19
d955ff59-4d8a-4d6b-bced-646349369699,박예지,Female,15,2007-08-20,인천 서구 36길 47
6701df10-c73d-4bbc-b912-9099d1084a9c,임지현,Male,16,2007-02-22,광주 서구 11로 90
4062d034-89b4-428c-8731-bd25b2f85b23,윤시우,Male,38,1985-05-25,부산 강남구 60길 19
35b1eca3-d3d5-498e-9475-7f101ed8e158,박하준,Female,28,1994-09-20,서울 남구 98로 31
e0e3d560-f5f8-4387-a4d4-022d120dd247,강유준,Male,44,1979-05-10,서울 강서구 15로 7
3cdd768e-d669-4cb5-a7f1-58c1745f2bb3,임지훈,Male,49,1973-11-14,대구 서구 81길 28
5a03ebb3-b7b4-4d68-a4ff-4ce81a04f033,박서윤,Female,18,2004-07-20,광주 중구 68로 62
bf6d34c3-4e05-46da-8a10-65777b063eef,최지원,Female,52,1970-09-24,인천 서구 21로 50
65962d43-6d6e-4921-94f0-e6df0466da57,조현우,Female,42,1980-07-06,대구 서구 74로 69
b310f3bc-d293-4a03-9abf-88e3444fb49a,정지원,Female,39,1984-04-08,인천 강서구 57길 41
5d516be7-298c-4c20-af88-796c487b0be6,이지현,Female,49,1973-11-17,광주 강남구 78로 64
077ec7dc-795a-419c-bee9-fcf3ffa8d1be,최지안,Female,23,1999-11-16,인천 중구 94길 18
6993c275-2ee0-4eb7-bbb7-9ae26dd58de4,정하은,Female,27,1995-10-10,대구 중구 85로 93
6fcce8eb-88e0-4c99-ad5c-fc9572a2d7ca,정아린,Female,39,1983-12-24,인천 남구 67로 94
c243c672-07b1-4dd6-aa05-6fa3630d0028,임시우,Female,19,2004-01-26,대구 강남구 30길 9
0729df14-47ce-429d-8a10-44a74b5115fe,정지훈,Female,49,1973-10-21,대구 남구 59로 53
6cf8f217-73a9-4e3e-9d63-111e388fce80,임이안,Male,53,1970-03-18,부산 강서구 37길 3
add9c6a2-920b-4fcd-83d5-7cb92fc604eb,이현우,Female,22,2000-09-01,광주 남구 87길 13
fde872bc-9099-45b0-9cdc-e2f47501e6b7,박민석,Female,44,1979-05-28,광주 강남구 31길 96
25494dd9-2cae-48aa-8d66-8926d3750a51,조아린,Male,45,1978-01-13,서울 남구 7로 81
84b86608-628b-485e-b548-5824fcda42d8,이수호,Female,39,1984-03-20,서울 강서구 31길 100
3e6dee65-9c02-4695-8c7f-a4364d3ee62d,정아린,Male,39,1983-10-06,서울 남구 52로 67
442086e7-8549-431b-a528-6ca04b08a57a,정시우,Male,30,1993-01-25,인천 강서구 65로 81
e536f1af-82bf-49b5-812a-949286b96632,장현우,Male,22,2000-06-22,인천 중구 30로 52
bc5be82b-d4b0-445b-b1e2-d0314a02564a,강지원,Male,35,1988-05-23,인천 남구 60길 82
65e856a0-ac16-4cd5-bd18-36ba991a00e9,장이서,Male,48,1975-04-28,부산 중구 8로 76
a3f25efa-ea5b-4ca1-972a-509cc48bde17,최승현,Male,30,1992-10-21,광주 강남구 62로 64
a59d6a69-5cdf-445d-9a93-a757fa8c7981,임이안,Female,14,2009-05-05,서울 강서구 19길 64
aa54b7aa-d2c9-4760-8d56-40dc5b8fd9cf,정지현,Female,28,1995-03-09,서울 남구 25로 58
14f00260-cb65-4f47-88f3-1376958020f2,박하준,Female,51,1971-12-26,광주 중구 9로 96
39e9fa0b-5cf5-45aa-b5ad-54feb5780387,최아린,Female,17,2006-01-28,서울 강서구 99로 91
76d691f4-be62-4e13-a912-615f0f7956c5,최아린,Male,24,1999-04-11,광주 강남구 76로 36
3f019ae2-28c8-4417-8f2b-49ab3d0723cf,이시우,Male,33,1990-02-24,인천 강남구 39로 82
4854a63b-e917-44e4-8e47-3b03a8172fb7,정유준,Male,33,1990-02-12,부산 남구 18로 17
15f1680e-9f6e-4c4c-82d6-5708ff840303,조하준,Male,43,1979-11-26,서울 남구 50로 98
c5cbb581-b47c-462c-8777-7dc38994892f,최수빈,Male,25,1998-02-05,부산 중구 2길 22
0e24ec4a-5021-411d-ac13-a1cc720b47b0,윤은우,Male,52,1971-04-21,광주 강서구 56길 27
459081fe-8343-46b5-a2d1-0c619d2df053,최예진,Male,24,1998-11-09,부산 강서구 77로 68
fbf87b8f-c24d-4cad-b676-b6e1d96f64f0,강서준,Female,53,1970-05-05,대구 중구 10로 79
72afd61e-f45a-4e75-81e2-ba101f919ef2,조준호,Male,13,2010-02-17,광주 중구 51길 12
ab807d90-69dc-46f8-aa38-9469f636e636,김시우,Male,22,2000-07-03,광주 강서구 48길 99
65375729-4ce6-4c95-968e-3d4db684192b,최하윤,Female,22,2000-11-08,부산 강남구 36로 18
4cda00ab-16f3-4c75-a4a6-87449e8bc802,최시우,Female,29,1994-03-25,서울 남구 43길 87
68ab2ece-d3be-41f5-996b-744f1e49bcea,강하준,Male,14,2009-03-05,대구 서구 86로 25
0964aa32-eb16-4915-9ea5-2dc0001ac2e8,강준호,Female,14,2008-08-24,대구 강서구 9로 35
37862f3d-7d9a-49d7-95ff-c1450b9ba4a5,조수호,Female,44,1979-04-24,대구 중구 23길 37
837846b6-cfe1-4254-ae18-c540c268cb41,최지아,Female,35,1988-04-11,부산 중구 71로 5
05fd35c9-fb8a-4ccb-8a11-081a4ca8c704,김수빈,Female,34,1988-11-17,광주 강남구 3길 72
6b4fdfb9-9c3d-49f0-a0ea-ded9d7c8a3d9,이준영,Female,44,1979-04-20,부산 남구 77로 58
3113aa6f-00a5-4aca-a837-0eeb8a31bcd0,조현지,Male,24,1998-11-06,대구 중구 91로 21
7152df8d-a244-498d-a8b5-1a58b28c6e2d,박예준,Female,36,1987-04-21,광주 서구 22로 6
6dfed530-ff3a-4fbd-adb0-6aa640ab7cdb,임동현,Male,26,1997-02-28,서울 강서구 41길 100
bcbfe0ad-cd40-48aa-a96b-c236f287308c,이은우,Female,31,1992-01-18,서울 서구 22길 11
da77bb02-323e-4471-92fe-c6eda4c93b93,조은지,Female,49,1974-02-20,인천 남구 62로 96
ae011bf4-6a38-4371-9e56-c9d14a390f6d,조아린,Male,39,1983-06-24,부산 중구 38길 45
880779c6-596f-4ba9-8220-d5d266d1118f,윤수빈,Male,51,1971-06-18,대구 서구 37길 13
ab9df1cd-6b09-4ee6-88f0-3040847f22db,장민수,Male,48,1974-11-03,인천 서구 12길 92
74c80713-e03d-41b9-85cb-b39f2d3f75bf,최하준,Female,36,1986-06-02,광주 강서구 28로 50
32435d86-c64d-4ce8-82e7-7c8b0e4632c8,정수빈,Male,28,1995-01-14,서울 남구 95길 3
5a6844ab-929c-4da7-adb3-91b6e22f9557,강하은,Male,42,1980-06-12,광주 중구 67길 30
df161029-acac-4e75-9b45-3ae1ac004a9c,이예지,Female,39,1983-08-25,인천 서구 9길 44
7ca2dfa1-26ac-4614-84bd-00ac0ab9f681,김하은,Male,29,1994-05-02,서울 중구 14로 58
a68e55a0-c7c1-47a9-a3ce-ddb10ca8b61f,조도윤,Female,45,1977-10-18,부산 중구 12길 33
58ffdae2-de37-4a8c-a8c2-61f32e4d46fb,이민수,Male,44,1978-12-13,광주 중구 5길 28
7058a0db-b9ff-44f7-b89a-cf947cf54e21,강동현,Female,51,1971-08-05,대구 중구 73길 97
b1891727-7acd-4ba8-83be-5d60fd41ecd2,임유준,Male,32,1990-07-28,대구 강서구 60길 60
e439fbc0-dd86-48fb-8d4f-a571db27735d,정민석,Male,16,2007-05-24,인천 강서구 35길 7
2206d71d-62c9-4113-bbe8-75df94308aea,박지안,Female,51,1971-10-15,대구 중구 52길 63
96aae77f-7224-47a9-9e25-3e5ea8f97b72,조예지,Male,19,2004-05-01,서울 남구 60로 72
fc7e1f63-7cec-44c4-89cd-d3f60cf981bd,박아윤,Male,43,1980-03-08,부산 강남구 95길 36
64725f9b-301c-44ba-8977-9c706fdff1b4,정아린,Female,32,1991-03-02,서울 중구 64길 93
1868bc5d-8bc8-4d06-9d67-cdc234d6f022,박예진,Female,41,1982-03-11,광주 강서구 4로 98
aec7204b-93e9-4a79-9a9a-b8f76095ad41,박유진,Male,35,1987-08-15,광주 강서구 57로 4
1eda1af2-1a4f-4c16-ab44-a965e399bc9a,임동현,Female,16,2007-01-13,인천 강남구 9로 20
f3a87444-b5d7-434e-b693-f636a91fa613,장지원,Female,31,1991-11-20,대구 남구 59길 84
64602cf6-a6f1-4fca-8242-74e823f83a9d,장민수,Male,53,1970-05-26,부산 서구 30길 49
42d95bb5-b5b6-47f0-a75a-af71ea1f2c8c,조수빈,Male,29,1994-04-09,서울 중구 33길 29
3447c056-55d0-479f-acec-f6b401c4ba06,조유진,Female,19,2003-12-26,대구 남구 69로 20
43440bb1-4c95-4802-bf68-de4ee2acf39c,임동현,Male,16,2006-10-06,인천 중구 51길 57
d843dae3-3643-4cd5-9e8c-9706d616ae69,최하린,Female,34,1988-08-13,인천 남구 5길 41
776506d4-7e4c-48d9-b986-e1e1de195b9b,윤하린,Male,35,1987-12-07,부산 중구 97길 100
3262e5ff-3bb8-4c21-8e71-3987f502e90a,김지호,Female,49,1973-06-20,서울 서구 22길 64
1bea8b56-2093-4a14-b488-c40cae5b527f,조현지,Female,49,1973-07-05,광주 남구 21길 51
3ccfdd89-d6e7-4618-b1ef-b73dbae3f458,강지호,Female,37,1985-10-12,대구 서구 77로 93
afbc275a-e2a2-425f-822f-411c362c77dd,임하린,Female,31,1991-12-02,서울 강서구 48로 69
117fcd5c-1bfc-4e36-9da7-02f879994013,정하윤,Male,18,2004-06-19,대구 중구 77길 4
05ad51b8-df3a-4d88-b9b7-3f38c7cf20c0,장시우,Female,29,1994-02-07,부산 강서구 36길 45
d9491102-3532-4c22-957b-12510b94288c,임아윤,Female,18,2004-10-24,광주 강서구 23길 100
2cfc675e-5788-46d8-bc63-853d5a043e25,조시우,Female,35,1987-12-17,대구 남구 40로 35
ad095124-87de-4d11-a27b-eb0147a76ed0,박현우,Female,28,1995-01-11,부산 서구 29길 74
5f66f536-d8aa-4d03-ab7d-3ba7ffa553a6,조승현,Male,50,1973-02-05,대구 강서구 32길 30
fb25390b-5d71-4065-a7b6-781a2a17da5f,이서아,Male,39,1983-07-25,대구 중구 38로 21
62fedec5-29e5-481e-8111-c11a5e7e2c89,박하윤,Female,39,1984-02-18,대구 서구 14길 18
9091692f-fc98-4c44-ab2c-bf319ae130b9,조유준,Male,31,1992-05-09,대구 중구 90길 45
12fae0ed-432f-43ba-986a-fceee9ca8391,장하윤,Male,21,2001-09-09,인천 서구 24로 74
2bdaeab5-bf4c-4d00-a93f-f0fec34f2aad,정예지,Female,24,1998-10-03,대구 강남구 46길 85
d8433dc1-1f03-4032-a517-992300df4cca,강은지,Male,35,1988-05-04,서울 서구 8로 73
9161d204-97e4-44b4-a337-ff324d5cb000,강지훈,Female,21,2002-03-01,인천 강남구 3로 11
c046d924-c3bd-4e38-adc1-fb502d273e98,박이서,Female,34,1989-02-08,인천 서구 75길 81
d1fc569b-6ea9-4a8b-af66-c1e2cb8e3023,이유준,Male,51,1971-11-20,대구 중구 72길 61
18658df0-2f15-437d-b029-efd436223e58,임이서,Male,23,1999-12-10,인천 강서구 49로 1
b871ee97-aeaa-41bb-8447-5055030de6ad,임지아,Female,40,1983-01-21,대구 강서구 100로 57
40b9e82d-0fa8-4740-a54e-406d104e5167,정준영,Female,33,1989-07-25,부산 강서구 100로 71
c9d0acaf-396c-4200-896e-d8245eae624f,정아린,Male,37,1985-11-27,인천 강서구 27길 70
50a78ca9-8ab4-4d4d-8ded-7755920f4e3d,김아린,Male,36,1986-09-02,서울 강서구 48길 93
b3b1d903-6110-4db5-8cb9-8f7d78cbdab9,박지은,Female,24,1999-05-18,서울 서구 11로 35
1b18d7cf-bf69-413a-8d21-2ec5bf0bca14,정성민,Male,19,2003-06-06,대구 남구 81길 66
db554f1d-a215-4125-8b61-0769bb7aadb2,박승현,Female,31,1991-07-24,부산 서구 12로 98
d94c694e-99e3-4d33-bb17-c4e1156c125f,김예준,Female,39,1983-12-03,부산 서구 53길 65
c478cf05-802a-4fb7-853b-e483583b6dff,임예준,Female,28,1995-05-01,대구 중구 53길 68
eb3b8cb5-b775-441f-a50b-136f25c7a750,정유준,Male,43,1980-03-23,대구 중구 97길 11
a96d7972-40c4-4c44-87d4-7c9cd0fefdbe,강지아,Female,36,1986-11-21,대구 강서구 1로 44
7251a12e-8d99-452d-acb2-ebe54ef328a7,강수빈,Male,22,2000-10-23,서울 강서구 36로 48
29b2ef1b-16d3-4189-949a-00d174b8b74c,윤아윤,Female,27,1995-09-19,대구 서구 92길 27
8bd666e8-f2ee-438f-818d-4521f9046ab1,조지훈,Male,24,1998-08-11,대구 강서구 16로 62
4c8d6f9e-b55b-45b3-b200-51157daf2763,조하은,Female,16,2007-01-09,부산 서구 58길 94
9458f32c-2219-4502-a1ef-d7923d66bc68,강승현,Female,27,1996-05-15,대구 서구 20로 67
983af377-ba69-46df-abbc-94d5587d0fac,정서준,Female,13,2010-05-04,대구 남구 74길 83
eee6abf3-0aa4-428d-a6f2-f924faf01cb3,강예준,Female,37,1985-11-18,광주 남구 38길 33
0b83d5f4-8d7e-4be4-9145-895345a889c2,강준영,Female,42,1981-05-15,광주 서구 81길 43
14b472b7-0eb9-4fa5-95f6-4918fc0dcacd,장지아,Female,50,1972-12-02,서울 서구 73길 98
30fbb980-b358-4090-bef0-e98e2dc3870e,윤민지,Male,36,1986-11-05,대구 서구 38길 84
4d3cb20b-6393-40e8-aa33-86859e6eec77,윤예진,Male,12,2010-06-28,서울 강서구 74로 33
d9114e12-0a39-4bb9-b09c-1e3ade9e521b,김이서,Female,28,1994-10-15,부산 강남구 29로 71
d096ab01-c80e-4bfa-ac9d-b3342c5956fa,조이안,Male,45,1978-01-21,인천 강남구 99로 76
10fe9b66-4c9d-487d-b15b-fef7baf84a9f,강지안,Female,50,1973-05-23,대구 강남구 96로 17
1b74d009-788e-475a-bef7-ed1ef32d5179,장서준,Female,23,2000-02-01,서울 중구 75길 76
8fd68e77-0611-4211-b0ef-dc5d11d2c212,조서준,Female,38,1984-12-11,광주 중구 99길 71
56324924-0141-40d9-97f6-cb0a4fe1ccde,정아린,Female,19,2004-04-24,광주 남구 26길 5
ecbf0b18-49c5-4f4f-b94b-49f06c99b655,이준혁,Female,24,1999-02-22,부산 남구 86로 34
5817610c-bc05-4554-a568-6459269717a8,박서윤,Male,48,1974-09-14,광주 강남구 68길 16
b45c9250-007e-43b1-a042-8e681786afd0,강민수,Female,15,2007-08-17,광주 강서구 13로 59
77c76c29-2903-4009-8cb9-c95071dd4452,박하준,Male,17,2006-01-11,광주 남구 22길 57
41f587d8-7f84-4e06-9606-8431f64e7218,임아린,Female,52,1970-08-01,광주 서구 100길 16
c6f5c78f-a8a3-4c1a-b6a1-3926f045d751,최민지,Female,17,2005-10-03,부산 서구 92길 65
8c26b3db-77ba-4f0d-acc9-444f2903e119,정예진,Male,37,1986-03-09,서울 남구 5길 20
07745c40-c37d-46fd-a633-9e8344ab5ef1,박준영,Male,13,2009-10-11,광주 서구 80길 66
88b7bcfe-7e96-4048-b312-c17ff2559391,정아윤,Male,41,1981-12-03,광주 서구 14로 59
175a59cb-126a-4874-ab3a-260da87b12cc,박지안,Male,28,1994-06-08,인천 강남구 69로 52
c5cafb32-6265-45bf-a0e4-5cd87356bd41,장서준,Female,39,1983-07-01,광주 서구 69로 9
6fc03ae0-1748-4caa-91e4-351cdc8a3180,정하린,Female,50,1973-02-24,부산 서구 42로 94
0d35c4e9-1e15-459d-aef6-f91b64b335dd,이승현,Female,21,2001-06-05,부산 강서구 86로 90
fa72c29c-df31-47b7-9f55-72284c0caf92,장준호,Female,22,2000-08-01,인천 남구 51로 15
fe4c3a9e-dc2c-43a5-adaf-a30fd6c7f384,강시우,Male,35,1987-06-04,대구 강남구 21길 3
dc6a6d6f-235f-4366-9fd2-17f85dfae67d,최은우,Male,41,1982-05-24,대구 중구 78로 28
3c145965-1c8e-458d-89a8-beab8a95743a,정민석,Female,39,1983-10-23,광주 강서구 90로 76
bc508270-a36c-4367-bf4b-75a3f4832cad,임시우,Male,13,2010-04-18,대구 강서구 45길 90
85d1cdd7-f9dc-40ff-a7e1-0b1d918973a5,강서윤,Female,27,1995-07-22,대구 남구 41길 36
dbb2194e-14c8-41ba-8027-b3e7686b726a,강민지,Female,16,2006-06-11,대구 서구 30길 91
2099d655-c5d3-4727-a4aa-607b350f65e9,조은우,Male,26,1996-07-03,대구 중구 89길 91
f097a934-8d3b-4086-8bb2-e76e1c0c70a6,장수빈,Male,29,1994-04-03,광주 강남구 19로 58
d035356b-0548-4716-b63a-5116fae516b2,박하준,Female,28,1995-02-02,서울 서구 17로 80
aa598ca0-f035-4ff5-8be5-fdf76804aa98,장지안,Female,18,2004-08-26,대구 남구 58길 35
3a826fea-fc4d-4c1d-ab82-8002369a824a,정지호,Male,48,1974-09-08,부산 서구 11길 97
e0bce08a-1db1-4755-a9db-d089c5e80987,임예진,Male,43,1980-02-06,인천 강남구 66길 14
ce936f5f-06c1-4d3e-854c-3533b44ca109,장성민,Male,29,1993-12-05,대구 서구 83로 17
ac7195bd-a24a-47f9-8a58-77500c9b5b0f,장유진,Male,52,1971-02-24,부산 강서구 30길 83
e4e6c06a-fc71-4770-bf0a-e88d81509536,장지현,Male,36,1986-12-07,부산 강서구 67로 39
02dc10a2-edb3-43f3-a02c-72f8a900ae54,장예지,Male,21,2001-07-11,대구 강서구 22길 72
e3baa7cf-1a7a-4433-95a0-45513485a5f0,박서아,Male,39,1983-09-16,대구 서구 41로 82
c54c3364-49e3-4ec9-8583-974dfc252349,장시우,Male,25,1997-09-27,대구 강서구 59길 50
28501bc0-7c52-45bc-834f-8661d0e96ed7,박준영,Female,17,2006-03-26,인천 서구 63로 87
80c32c30-2a4f-4d70-a77f-4003cdf7e362,장준혁,Male,39,1983-08-26,부산 강남구 13로 61
2504980f-f8ec-431c-8231-04bbe2b2a07e,장지훈,Female,36,1986-08-19,부산 서구 8길 11
9067a988-c1fe-4d3c-9cfb-fb25317a2d36,윤서아,Male,27,1996-01-19,인천 남구 47길 87
201a152a-1698-40f1-a54e-fd2da7612bbb,조은우,Female,27,1996-02-07,인천 강남구 58로 92
46615ac7-c956-493f-acbb-0e8b4d392f74,최은우,Male,38,1985-03-01,인천 서구 83로 49
770ddc1e-c41b-4271-aebb-548822c0cb38,이지원,Male,22,2001-04-21,인천 서구 80길 39
0c6e5469-d1f2-40eb-b877-1bbb14337193,강이서,Male,46,1976-07-03,광주 서구 85길 84
2abc111f-3ce5-4d31-9fe1-0368605ac1eb,최승현,Female,14,2008-09-25,인천 강서구 56로 89
ef703b51-13fd-4abb-a5c6-f3f7fbd3cc32,박승현,Male,53,1970-01-17,서울 중구 44로 78
f9ab83fb-24ae-4226-82ac-3aa36720f0d6,윤예지,Female,15,2008-02-12,인천 강서구 5로 74
3f61de89-a48e-494c-91e7-15508812a9fd,정하윤,Female,25,1997-06-15,광주 서구 23로 69
18e194ca-bdc9-47b7-a351-8d243d78eb0a,최준혁,Male,24,1998-07-22,대구 중구 81로 68
2b31bb94-f18a-43df-bd3f-abbeec2f5b39,이현우,Male,17,2005-12-01,광주 강남구 27로 77
104db65e-faad-409b-b999-7d7129a22a13,임성민,Male,21,2002-02-26,광주 강남구 59로 91
36892098-b84e-437f-80c4-195b89829189,정현지,Male,19,2003-06-06,서울 중구 30로 5
5bdf4714-ce86-452c-882b-691f7aaa45fa,박민석,Male,52,1971-05-20,광주 강서구 32길 75
883a238e-73db-4985-ae4b-9b85a6ffa5f6,최지은,Male,12,2010-08-14,부산 서구 100길 47
699720d1-1a0b-4216-a347-a3b22d5c1448,정지호,Male,49,1973-08-13,부산 강서구 8로 100
77ad36a0-5295-4334-a621-f9b37f2be658,조준영,Female,50,1972-09-24,부산 서구 53로 59
9aaf9fb1-acb0-4add-8062-7e583e48013a,조은지,Male,47,1975-10-23,광주 강서구 63로 27
9835f173-d864-4b2c-bb6e-7fd2fee97570,정이안,Female,27,1995-11-24,부산 강서구 91로 36
1e86e179-3c79-417f-96b6-96d7c3e53eeb,박하은,Male,39,1984-02-17,부산 중구 20로 31
b4b5d170-f798-4e72-9252-c426b4caaf1f,장준영,Male,41,1982-05-11,광주 중구 10로 26
80c1feb6-3816-4c47-916e-5b4222ab38d7,장하은,Male,47,1976-01-07,부산 강남구 26길 27
27a96c90-6692-4919-aea5-4e30987f1748,최현지,Male,18,2004-10-07,광주 강서구 40길 67
e51680ac-0920-4f67-bb8a-9382e910ffea,정예지,Female,40,1982-10-12,인천 서구 25길 85
a52afc3c-c27f-4daf-bcdd-5cf0ba69197c,임현지,Female,22,2000-08-23,부산 남구 70로 8
1778dbf0-45d8-4d0a-8300-0b457df714c7,박동현,Female,35,1987-06-05,대구 강서구 5로 27
c22e163b-83fd-4010-aa26-64a1875a42f7,최서준,Male,28,1995-03-15,부산 서구 75길 91
7259dac7-0eaa-4af1-b369-6a588f56f307,강민석,Male,42,1980-12-05,인천 서구 79길 43
2c0856d5-279a-4587-a5fa-ce3ac1029875,임예준,Female,36,1987-02-23,대구 중구 34길 44
3620139d-50fc-45ab-8c97-cee05a72ccc7,최하준,Male,18,2004-06-16,서울 서구 6로 87
c7676144-7ee0-409e-b994-c48d952e03f0,윤유진,Male,43,1979-06-08,부산 강서구 62길 41
db1f86f3-8591-435d-b630-82418a1ce9dd,임하윤,Female,47,1976-04-23,광주 강서구 39길 30
2090119f-84ef-41fb-99b6-7e8a4cfc755c,장민석,Female,39,1984-01-28,대구 중구 93로 12
6f0b6692-8109-476b-a6fe-101c3e0cf241,김도윤,Male,53,1970-01-27,서울 중구 32로 29
a3f3efec-9b24-4f37-b52e-2b5dcebf6d82,조하준,Male,36,1987-02-24,인천 남구 81길 73
a2092642-8e51-4637-b6a3-ef70c7a6ce24,김민석,Female,13,2010-03-18,인천 서구 9길 34
f3bb34bf-9d1a-4039-99ec-491dad189e42,박지호,Male,13,2010-02-12,부산 남구 96로 6
b3722443-7d0e-4809-9eea-2b47e234fb4c,강예진,Male,52,1970-07-19,대구 중구 23길 59
4e08f343-510b-4a63-aaca-6f4962649520,임은지,Female,32,1991-03-10,서울 서구 5로 29
06cf7703-1344-4f81-93c2-caccdf748e4c,최민석,Male,17,2006-05-16,대구 강서구 99로 11
7d98ad81-61e4-4762-9086-b93b0cd6423b,이지안,Female,31,1991-09-07,서울 남구 41길 94
1bd88122-7ed2-4f35-8a6a-a0ced6b35bc5,임아윤,Male,50,1973-01-06,인천 남구 69길 17
a0534612-6f5a-403e-8c06-31e4f6885640,정이안,Female,25,1998-02-07,인천 중구 61길 85
cc06ad70-d3cd-41a9-b222-bd91e0474572,정지은,Male,29,1994-01-16,인천 남구 61로 3
888d5c58-d091-4621-9b17-a644882fba89,최준혁,Male,37,1985-10-20,대구 강서구 13로 36
c2cb969e-efef-43df-bbd7-0d8b58985f59,장아윤,Male,35,1987-11-20,부산 중구 75로 19
a7b6f4ff-bc49-48b1-937f-17ab89406ffd,장아윤,Male,19,2004-04-18,부산 강서구 14로 78
e687bf59-a327-4c4c-b7df-64221ce867fb,강예진,Female,20,2003-02-10,대구 남구 53로 65
04bb7252-4c15-4c72-926b-10a1f9faa3c9,조하윤,Female,26,1997-03-19,대구 중구 11길 49
50723f65-12d6-4526-9ce8-b7c82c4d9c62,임은우,Female,28,1994-06-23,부산 서구 53로 35
c4220c30-6558-4253-bbb1-571ca3461157,조현지,Female,53,1970-03-06,대구 강남구 20로 13
9fbf6828-dcb0-47f4-8a7b-0ba941530061,임이안,Male,47,1975-10-20,광주 서구 68로 11
4ac54bdc-0a99-4d67-97d0-9288953b66dd,이지원,Male,41,1981-09-16,대구 강서구 10로 31
bcce6cb0-c225-4300-ad55-d61b23cf1f0a,윤수호,Male,38,1984-09-25,서울 중구 71길 52
2c50d061-0f88-4c4c-8db0-1d3b8b627b43,강준영,Male,21,2002-02-09,인천 강남구 42로 35
2b268e24-ae49-459e-88ab-ee0e07c1b4e7,조예준,Male,31,1992-03-03,인천 서구 100길 62
50db4090-501e-4ab7-a005-4fabb57b60b8,김시우,Female,27,1995-12-10,대구 강남구 49길 52
6d5fb433-d090-42aa-97a8-e43d40e1dfa6,정은지,Male,17,2006-05-16,서울 중구 56로 42
e9b4b8c8-055d-4a84-a2fe-82951ea85e59,정준혁,Male,26,1996-08-04,대구 남구 8로 27
382d66ad-8b28-4e5f-9bc8-e833edfb7c7f,임현우,Male,22,2000-06-20,서울 강서구 38길 76
0b3fb63e-1224-4faf-8ed6-b3b149a7bffc,정예지,Female,31,1991-10-21,서울 남구 85로 36
148cb6ce-15f8-4d1e-9e42-af57f0001d59,임이안,Male,44,1979-02-10,대구 강서구 32길 28
355ffb6d-ec09-4d4a-b05b-0f85f0968c56,최민석,Female,16,2007-03-09,인천 중구 74로 47
3854935e-20b3-4d9c-b798-0c7b0c2446fd,박유진,Female,43,1980-02-14,서울 중구 5길 88
5231e706-1aba-475f-8d69-d0f606e8b768,윤유진,Female,37,1985-09-27,인천 중구 81로 69
cd1b5380-8f2b-41cc-a357-a52c3d4c3056,정서준,Female,46,1977-05-13,부산 남구 66길 27
dd7ef5aa-ff80-4823-b63a-c5e9d4bf9213,김준영,Female,16,2007-02-12,서울 중구 13길 53
fc2bcf43-8109-4432-bcfc-e3edccbb44a3,김지현,Female,37,1986-04-22,광주 강남구 31길 65
760157a5-3688-401d-abc9-ebcac22979d1,이은지,Female,39,1983-11-20,대구 남구 2길 19
834b1b44-4b87-42ae-9f29-4b7c6baa9c5d,정지훈,Male,17,2005-07-18,서울 서구 54길 24
244dbd48-7419-48ed-abb2-4f15510677c0,이하린,Female,44,1979-04-10,인천 남구 37로 97
7d76827b-a0bb-453f-865b-283cf12ee9d1,임승현,Male,30,1992-07-24,인천 강서구 67로 37
573dbf5e-6b05-4b60-b973-e22f44996e8c,장지은,Female,23,2000-04-12,광주 강서구 89로 81
082f89b1-1293-4710-a45b-eede6d234adc,박은지,Male,23,1999-12-28,서울 서구 25로 54
a416ae9a-9788-4fba-a1bf-59ee726a0340,김하은,Male,18,2004-07-06,서울 강서구 52길 84
5718470a-5fcd-4a38-9b99-a7ed1a72d64d,박하은,Female,35,1987-08-22,광주 중구 50로 53
990120a1-d759-4457-bfad-7031c3f32cea,정하은,Female,44,1978-06-17,광주 남구 43로 40
363f4055-3062-40f8-91f6-93e873cc98b3,최아윤,Female,47,1975-10-14,대구 강남구 31길 56
b61d8440-fc2d-4326-9316-a84144fe8405,정하준,Male,50,1972-09-18,광주 서구 67로 83
be0d9429-c0bf-4d81-bdba-538d4c2b72f7,장민수,Female,26,1996-07-26,대구 남구 73로 45
c5ab0a70-670d-4287-850d-7d0187d2e425,임민석,Male,36,1986-10-06,대구 남구 84로 78
a7dce7a9-6107-4bc3-b64d-7cc7f5544ed0,이민수,Male,29,1993-10-13,서울 서구 55길 99
9b486510-59a1-45ba-99b1-911ebea15720,정하준,Female,31,1991-09-08,광주 서구 35길 98
8647613f-15a0-4399-b413-654352382c5d,임지은,Female,27,1995-09-13,부산 강서구 62길 79
80454f86-be34-4538-b4e3-6147cdf26147,임승현,Female,34,1988-07-17,인천 중구 83로 71
633d7571-b819-4132-bf1f-3f6317b92eaf,장민지,Female,16,2007-02-26,인천 중구 88로 80
cd7885a4-4b07-45cf-ba98-907dec53ad9f,윤이안,Female,19,2003-08-27,서울 강서구 98로 42
72eea593-d041-4d7e-b888-5a2b65cf345a,최하린,Female,43,1979-10-11,대구 강남구 65길 69
52158a44-97c8-447d-856e-f7e6a0edd676,정지훈,Female,25,1998-04-04,대구 서구 51길 19
d3f9b378-6b57-4064-befb-8717f8f6bba1,조지아,Male,35,1988-01-03,대구 강서구 56길 72
d5153cfc-a644-4289-bdd4-826332538c92,정서윤,Male,39,1983-12-17,인천 서구 37로 17
bbe28a46-434c-46a5-8b1c-4f36de46b467,윤현우,Male,15,2008-05-22,서울 강서구 16길 44
8de78564-016f-4e84-9206-20f84abf3d62,조이안,Male,16,2007-02-18,대구 강서구 100길 14
673b5c36-fadf-4a58-9ba7-5762a1f792f9,이지원,Female,30,1992-12-21,인천 서구 84길 89
7fbfc26f-6e42-459c-97b8-849444e5045d,박은지,Female,40,1982-06-03,인천 중구 43로 52
66348aa5-8934-41f4-b46a-70008b449341,김현지,Male,25,1997-10-22,대구 남구 10길 33
8a3083b7-c30b-46e5-8c97-d55143f0b2d0,김준호,Male,43,1980-05-24,인천 강서구 26길 96
e3119551-c321-4034-8995-5cff30238824,조지현,Female,24,1999-02-13,서울 강남구 84로 38
64300035-c1dd-4243-8c42-a640671605a4,윤수빈,Female,43,1979-11-10,대구 서구 36로 37
ab986411-a996-481b-824f-cdf53c834219,박지원,Female,22,2000-06-18,광주 강서구 99로 60
f7b174bd-5881-4dcf-88e6-84033c33ffa1,장아윤,Male,42,1980-07-20,광주 중구 66로 40
25ba54ae-377d-4f66-b7c8-3b91e275cf87,윤시우,Male,15,2007-07-19,광주 서구 67길 73
7f40c999-c688-4e16-9f9e-bd03f8d3af75,장승현,Male,24,1998-09-15,서울 강남구 42로 4
6ce5dcd2-f503-4942-9318-0865512b5b51,최서윤,Female,30,1992-12-26,대구 남구 96로 20
e5cf9ea9-c965-4417-8e87-b53dfd421610,정은지,Female,38,1984-10-24,광주 서구 23길 97
7fb3d4ef-9ac5-420a-b8ce-1e747746350c,김지안,Female,16,2007-01-14,서울 남구 49로 76
830cd42f-767f-4b05-9abf-1b984ede839e,조준영,Male,14,2009-03-24,인천 강서구 47로 49
161dffa0-4021-4877-9ed7-941b2ae54eeb,장시우,Female,12,2010-11-23,광주 강서구 29길 15
ab101e18-98ea-4043-8dd8-49d0e8a1d6c5,강승현,Male,51,1971-11-25,부산 서구 36로 92
60bbb312-6ceb-409b-9959-a837e10f76d8,임예진,Male,42,1980-10-19,대구 강남구 65로 36
48c85e6d-6169-4e88-af2c-be2ac1ba23fa,윤현우,Female,47,1975-08-16,인천 서구 17길 26
6ed0962a-7f97-4972-8102-c46e58af9cda,박현우,Male,13,2010-03-16,부산 중구 68길 92
8a56bfdd-52e5-44a8-ac90-d01fa82124f7,정지현,Male,36,1987-04-25,인천 서구 14길 100
7da2c571-97aa-4fb8-84f9-250c44eacff8,윤예지,Female,37,1985-10-12,부산 남구 32길 52
f902fa24-1c95-4b16-905f-22b8529a783b,강민수,Female,26,1996-08-09,부산 남구 29길 8
950018ff-c409-4944-85b5-f6787e1c6384,조동현,Female,43,1980-04-24,광주 강서구 89길 21
853f7ec4-9ee9-4284-bc63-1bfe5ac872fd,박유준,Female,17,2006-02-16,광주 중구 94길 30
fb029b08-a7af-44a6-98fe-41685cba05b9,김아린,Female,47,1975-06-19,부산 강서구 99길 45
ca43e9c4-fa0f-4a50-9a96-f278dbf0e71f,장민수,Female,26,1996-06-16,인천 강남구 4로 93
fe6a3d92-6e81-4e5e-8f60-35611b0c663c,조서아,Female,23,1999-07-14,부산 서구 1로 21
c9c5f811-33e3-44f6-bf57-8ed444d35c74,임수호,Female,33,1989-08-16,광주 강남구 68로 80
4f85cfbc-d17d-4a35-9abf-295d45a1ba94,김지호,Female,27,1996-02-17,광주 강남구 61로 100
a19ff16a-0fd8-484a-acc2-0dca890c449a,박하윤,Male,45,1978-02-21,인천 서구 53길 1
d1638cac-e070-4248-8bbe-09e941436ea7,최지원,Male,20,2003-05-06,서울 강남구 78길 41
5345f1a7-26e1-4b77-b256-cb652d4c4fe2,장민수,Female,44,1979-04-04,서울 서구 15길 9
d1bb891d-9253-4ae4-b5f6-9d21ffd4534c,정하윤,Female,47,1975-11-09,부산 강남구 59로 97
47309b75-e597-4518-a3b7-48ec65282031,최수호,Female,50,1973-02-23,인천 중구 33길 49
7dc30465-58bb-453b-8e99-af8ac4dc75db,김지은,Female,33,1989-06-01,서울 서구 34로 53
671d74d5-02e3-4845-a95a-b61b6f473813,박유진,Female,37,1985-12-14,대구 중구 86길 30
fa54291a-85a0-48e0-9f7e-86fcec65bbd9,박서아,Female,42,1981-04-10,부산 서구 18길 38
99da7051-d0f1-45da-bf00-821fc1e5b238,박동현,Male,47,1976-01-11,인천 중구 47로 91
cce4337e-b98d-4da1-86b0-c76eb5b87887,이민석,Female,31,1992-04-02,서울 강서구 8길 92
f9a9f634-dae1-4162-a082-e352f3bd9fe1,임유진,Male,49,1974-03-01,부산 남구 70로 13
25db3597-b5c6-4a56-a8d3-7d6e258f67af,정하린,Female,24,1999-04-22,광주 중구 59로 29
18488543-5d06-4ec7-a330-5e8bb6614495,강유준,Male,46,1976-06-13,대구 남구 35길 99
2fd26974-b794-4dea-9dba-22f1dd0c0828,임지현,Female,27,1995-08-06,대구 남구 90길 10
091a9b06-7854-4795-ba48-86ea0f7248f4,박현지,Male,24,1998-06-03,대구 서구 68길 51
c70777dd-7dad-438a-927a-7b9cc6747fb3,이동현,Male,35,1988-03-14,대구 남구 59길 96
5de793ce-3b10-4141-98f6-c6da9cf246d5,김준영,Female,19,2004-01-14,부산 중구 95길 71
4af7de6a-99f0-4156-bd71-0ea8664f2b93,최아윤,Male,50,1972-10-09,부산 강서구 21길 41
4ed6de22-aaab-4e35-918d-c7b7e6565b3a,박지안,Male,27,1996-03-11,광주 강서구 54로 44
f1f7245d-8a77-44a7-9f90-324bce6326c0,김지현,Male,29,1993-07-01,부산 남구 38로 100
9c5bad13-f13e-424a-863d-ffeb516aa4d1,윤하은,Male,34,1988-07-01,광주 서구 3로 64
70fe8b33-ddfe-4f45-9f9b-8f02c91eca01,장예진,Female,42,1980-07-15,대구 강서구 69길 3
76733f52-5ab9-4f08-8ecd-413da507af28,조준호,Male,24,1998-10-19,부산 서구 20로 46
abf40ace-6e88-4ec8-ab68-82dec42af3a4,임유준,Female,44,1978-11-12,부산 강서구 81길 68
d342e8f1-1b46-4572-8a81-a2c06bf38db6,정예진,Female,37,1986-04-05,인천 서구 96길 73
a649a121-12d0-4591-9d86-70aa34f493bc,이준혁,Female,24,1998-08-25,대구 강남구 2길 41
c522477d-3396-405b-9023-37977e1587b1,정예진,Female,14,2008-12-05,서울 남구 31길 71
bb04ff57-6ff1-4049-b707-719324d84854,임시우,Male,44,1979-03-14,서울 남구 90로 52
7f397c0a-66dd-4fd1-9b71-01ab55def410,윤지원,Female,15,2007-06-06,인천 남구 52길 43
a1187f29-2fd5-4d55-8e20-c5a442efb1ab,장준호,Female,53,1970-04-13,서울 강남구 19길 8
42faef40-11df-498d-89d4-4a2cf0e2e000,정서아,Female,50,1972-12-24,대구 서구 53로 9
4ad612e3-d317-4176-86a8-9f7e17be8e91,최예준,Male,37,1986-03-23,부산 강남구 58길 27
a1bf2b44-ec49-4ef8-aad4-177ce932c7e0,이현우,Male,44,1979-03-20,인천 서구 41로 37
282b6947-ecc6-41f1-a45b-ef305a855fc5,임지은,Female,35,1987-09-05,광주 강남구 42로 68
bb207172-b5bd-45f9-96d0-f809fc9b0e79,윤수빈,Male,38,1985-03-23,광주 남구 56길 83
ac575f3c-6ca8-42d3-81f1-1ab4e7142f10,박지아,Male,47,1975-10-18,인천 강서구 83길 61
9971276a-a5e3-494f-b51d-dfc16c5ed57e,김예지,Female,27,1995-12-10,부산 서구 15로 17
f4af5450-92a4-43e9-a5d4-6772757c6021,장하린,Male,18,2004-08-04,서울 중구 25로 88
79e369b7-a643-4a61-a2a8-390f2a4202a3,김시우,Male,26,1996-06-04,인천 중구 92길 76
86693424-b6bb-4892-abd6-39b971282292,장예진,Female,47,1975-12-08,대구 중구 72길 4
9b6fea79-e5e8-4a75-b280-afd3c8a59fdc,이지안,Female,50,1972-10-14,서울 강남구 7길 66
960d480b-eed2-41c1-9d15-7cc8a24beb1a,박도윤,Female,46,1976-07-16,서울 강남구 50길 66
e882571f-a7cc-4d0e-9399-434d4e363374,이동현,Female,38,1985-01-17,광주 강남구 77로 55
90c2c7c7-033b-4021-8ce9-976be10dd31c,장준영,Female,32,1991-03-07,부산 서구 64길 62
a7543f5c-cad8-48b0-9840-f5289b2f8130,정민수,Male,41,1982-04-01,부산 중구 22로 58
bdebf1d6-27a8-4524-b64c-33d3c8b665d9,최하준,Female,23,1999-06-18,광주 강서구 5길 4
789f4b11-c7bd-462e-b402-555794fe8e6c,임하은,Female,33,1990-03-06,대구 서구 97길 21
4d4c7286-792f-4432-883c-df579943946c,최서윤,Male,39,1983-11-06,광주 서구 14로 85
c26051c0-e069-46cc-ba49-def8bba23e81,장민지,Male,45,1978-04-27,인천 남구 34길 47
f62f9b68-2524-4852-a439-91d559a5141d,임현우,Male,36,1987-01-27,서울 서구 47로 85
486af8cc-a53a-4faf-b7b5-226bacab6054,장민석,Male,19,2003-10-26,서울 서구 1로 20
36dcf974-9130-43c8-b329-96157f1c9621,이예지,Female,27,1996-02-26,인천 중구 21길 59
9d0b6aac-6472-44b7-afce-16b296897313,김유진,Female,49,1974-01-01,인천 강남구 83로 91
a377d550-6e85-478c-848c-6f1c6e346933,최준영,Female,19,2003-11-14,인천 강서구 46길 57
1c91f8ec-4c68-40eb-afc6-a4bd6f248709,강지훈,Male,34,1989-05-21,광주 서구 17로 87
9dba097d-2005-4206-af26-0ba5097c6976,정이서,Female,50,1973-02-02,인천 서구 49길 85
9f7d868b-0cca-4007-86fb-fd01270babc3,임유진,Male,32,1990-07-05,부산 강서구 1로 91
980f4dc1-ef38-4aef-8c99-fdb98a4f1ecd,김지현,Female,41,1981-11-18,서울 서구 42로 30
0e5da5d2-36af-4e53-8d5d-24f541186bdd,최시우,Female,50,1973-03-19,부산 강서구 45길 82
70f06bc5-b7a1-4296-92d7-a5ec2c37a0fe,임아윤,Male,19,2003-12-06,부산 강남구 12길 79
b8269e3f-40ed-42ec-82c4-1e70327320b3,최지훈,Male,20,2003-03-24,부산 남구 30길 55
87d28668-5fd2-4d8a-a10b-d3504b02eb29,장은우,Male,46,1976-11-19,대구 서구 46로 60
12d92e93-d2d0-4271-828e-da72d36be89e,장하윤,Female,18,2004-09-19,광주 중구 78길 47
8a600149-a60b-4d19-b1c0-77890be9d303,박지현,Female,39,1983-09-27,부산 남구 43길 56
d8792521-a63d-47cd-ad3b-6178f96cc9e2,임이안,Female,38,1985-02-16,인천 중구 49로 64
6c5541f4-1bfa-43fe-badf-ff64045af646,강하린,Female,31,1992-05-02,대구 서구 87로 57
14438833-f14d-4e74-842a-2b058fd8921d,박아린,Male,24,1998-10-13,인천 강남구 71로 93
077d4829-a33a-4f4a-901d-9ad5ad615d7c,김민수,Male,38,1985-01-23,대구 중구 16길 39
27d29198-6199-491e-98d6-d1d7cb26368e,임유준,Male,38,1984-10-27,대구 중구 83길 4
9c92a8a4-fea8-450c-bd16-5e143bc35450,박예지,Male,48,1975-04-08,대구 중구 61길 53
0979bfb5-acbe-4755-8aa1-b67c852d2c39,임지훈,Female,25,1998-05-23,서울 남구 9로 53
6e3ffe9f-d390-4686-ba58-0ae0b10b79b8,장아윤,Female,41,1981-09-19,부산 강서구 25길 45
4605e168-a2c1-41b7-871c-b88a29c1adb1,조시우,Female,19,2003-09-06,부산 강남구 8길 29
3a6b1542-a83c-490f-b3c2-4b75b3e8ad5f,이시우,Female,28,1994-09-20,부산 서구 37길 38
b14217fe-55f0-4828-b23b-c1d5b599b982,윤예지,Female,35,1988-01-13,부산 중구 52길 21
b9d48570-45ea-4c60-acf6-3060f2368a97,윤은우,Female,48,1975-04-05,서울 강남구 76로 43
287108cf-a4e3-46de-8960-f43a2294d2fa,장동현,Male,40,1983-04-07,부산 서구 58길 9
adccef50-0215-490f-af2f-44a647df64a3,최준영,Male,14,2008-09-12,서울 서구 82길 80
3b892fe3-b971-4050-b90c-5613485e85e0,임수호,Male,18,2004-12-25,대구 중구 79로 7
25bbe224-3043-4c42-b680-57aaf30bf4f8,윤하윤,Female,32,1991-04-22,대구 서구 58로 62
cc6143b9-f69f-403e-8b38-84a055e6bb1c,박민석,Female,48,1974-12-04,부산 강남구 76길 40
e6dd6f6f-c4dc-4eaf-8626-75b58f166e7d,정지훈,Female,48,1974-12-11,서울 남구 57길 49
6b55ec86-7bec-4c35-898a-29e52026bb79,이민수,Male,41,1981-08-10,부산 강남구 94길 74
9b787442-ca3a-47c1-9d1e-62a43b1d28ef,강지훈,Male,29,1993-08-09,서울 강남구 92로 33
0f4c6ae4-944c-406b-9e70-fa665887535c,조지아,Male,23,2000-01-27,부산 중구 100길 61
52afb49f-7d04-4673-9b4f-3fad91789e99,임지안,Male,35,1987-06-25,광주 강서구 24로 32
b2cefb01-f179-485e-a61e-89d97590b2a0,임수빈,Female,40,1982-07-06,인천 서구 25로 100
4d7f4a3d-fddb-4880-8bb1-54339aa98145,김승현,Male,41,1981-10-06,인천 남구 2길 66
5862ecaf-8b8e-4b00-bf35-7cebb04eecfc,김서준,Male,48,1974-12-11,대구 남구 23로 87
9631d7e9-175f-4a61-8f1e-64c55f845e94,임현지,Female,28,1994-10-01,인천 남구 73길 74
cf57dadc-38b5-477a-9a86-e8b68aa4fb56,이지훈,Female,23,2000-02-19,인천 서구 33로 42
b702eeb5-46d4-443d-94f4-61c48af396d6,장하준,Female,20,2002-10-21,광주 강남구 4길 88
30f33ffa-cd4f-4f4a-a44a-ab0943bbe49d,박아윤,Female,17,2006-03-20,대구 남구 9로 55
ade74beb-4625-40b8-b43f-5cd0e847f35a,임하준,Male,38,1985-04-18,광주 남구 15로 44
37f3d884-4c94-49a4-bdf8-f12db617d7ea,김예진,Female,28,1995-01-12,서울 중구 97로 84
046c5839-5b7e-4367-8579-a8aacc5950e0,윤은우,Female,14,2008-11-26,인천 서구 74길 17
c4004cf3-feeb-443a-982a-ae5cda675ed1,이예진,Male,16,2007-04-06,부산 강남구 5로 71
972896c6-59d1-41ef-bbc9-56821e25b617,임서준,Male,37,1985-06-04,대구 중구 13길 50
f236412b-8cd5-4897-b655-d4b139de1d75,조은지,Male,21,2001-10-06,광주 강서구 82로 41
b8122fe8-5a73-47f6-9d33-c8a2fcb60c88,임승현,Female,35,1987-09-24,광주 중구 48로 96
1774c08b-f53d-40a1-ad83-b5874fe4b629,장이서,Male,32,1990-10-09,인천 강남구 48길 94
9378ce8e-eaea-40a1-9f11-fddc55556837,박민수,Female,29,1994-02-14,서울 강서구 24로 47
4183da5c-6bb7-47ce-916b-d2932e850923,강지아,Male,16,2007-05-28,광주 서구 100길 63
77dd11a5-e21e-41fa-9c2f-25b76f02a6e1,임수빈,Female,45,1977-06-12,광주 강서구 50로 5
af45c4ad-0424-4d08-b6dc-a0620bac5702,임예진,Male,13,2009-08-15,인천 중구 58길 10
e4e73c1f-b34a-467a-b088-cbb5a9711f4e,윤예진,Female,40,1982-11-05,광주 강남구 25로 60
49b0c392-9177-4b61-95e6-ff2352a8e518,최예지,Male,33,1989-07-01,인천 강서구 25로 95
129a40ef-101c-4516-8eeb-32c00f38faed,조준영,Male,14,2009-01-10,부산 서구 8길 3
3c11ea07-0e01-4d7e-b3cd-e63c079a62b6,박민지,Female,32,1991-05-26,대구 강남구 71길 39
5b9d141a-b0dd-4b8b-b1c8-be7dee49d7d9,윤서아,Female,43,1979-10-22,부산 강남구 71로 37
9d4e4ce7-50f1-4413-acd3-9cfab2995d46,이지호,Male,42,1980-12-27,부산 서구 81길 15
7e94e91e-561a-41e8-b2f9-e68fd0ae002f,최은우,Female,19,2003-09-27,인천 강서구 22길 89
c7b63165-808b-40d0-888c-2ea68b199efd,조은지,Female,39,1984-02-16,대구 강서구 4로 84
5ea34dfe-3a91-478f-9d61-eaea1532a1bf,김도윤,Male,27,1996-04-26,인천 강서구 84길 3
b3207b83-7fcd-45cc-b45f-9ea80263ad90,김준혁,Male,23,2000-05-22,부산 강남구 10길 84
858e9393-ed74-4a1b-aa70-1e5532a7169c,임유진,Female,47,1975-12-07,서울 강서구 73로 45
d921dd43-6501-4826-a598-ab6cd7af1d8a,정이안,Male,35,1988-05-15,대구 중구 14로 68
40e0b1ca-113b-4c9b-97fb-2acf84599afe,최준영,Female,43,1980-02-06,서울 남구 64길 8
7a9e8056-80dc-4925-91da-cdaede4323f5,이시우,Female,45,1977-06-12,인천 중구 31길 76
30fef65c-18e3-4ebd-b7ed-095834684c76,정유진,Male,16,2007-03-14,부산 남구 32로 41
a26a1059-2401-47b4-b30f-eea4b6850885,최성민,Female,35,1987-10-19,서울 서구 86길 95
9b4113e1-ad1c-41e2-a3c5-2412a1e8df45,임아린,Male,50,1972-11-10,부산 중구 83로 73
9c3ebd52-3202-45c2-8701-14f59862445b,조현우,Female,33,1989-10-01,광주 강남구 22로 25
f7308a98-ca24-4986-9797-4066fac7c84d,최준혁,Female,30,1993-03-24,인천 강서구 41로 84
6423f30c-61c8-4c3c-abe0-73a6018da947,윤유준,Male,32,1991-01-19,부산 서구 25길 9
14e1914d-76b9-4d87-8445-c0036d6681ac,강예지,Male,24,1998-12-08,대구 강서구 67로 57
50ae265e-809b-4203-9378-32fdf7b10670,이하윤,Male,21,2002-05-14,서울 남구 61로 87
ad14d8be-8f26-49f8-bcff-ecfb96f0c118,조준영,Female,49,1973-09-04,대구 남구 1길 26
62820920-91d4-4fb7-8b34-cc0c2766569a,윤유진,Male,44,1979-03-09,인천 남구 74길 67
8f6e2320-e5f3-4dc2-8050-e9f799264a64,정이안,Male,18,2005-05-14,인천 남구 95로 44
7777fd6d-e07a-4bd5-8c12-ff4576ae19d2,장수호,Female,45,1978-04-08,인천 남구 46길 46
e2844b69-35e7-401a-b86a-f2c03b59ef3d,장하은,Female,13,2010-03-01,광주 중구 45길 2
aaa8a476-9d7e-4a30-90a0-ca27023abb92,윤유준,Male,50,1972-10-06,대구 서구 86길 66
e0ba2002-2fa3-4116-8ee7-1f17dc51e9b1,윤아윤,Male,38,1985-05-16,서울 강서구 25로 94
24b2b74b-532b-4fd2-ae47-2f2083c6e78c,임예진,Male,33,1989-08-01,대구 서구 15로 43
8b57a6c2-1e36-4932-b2fd-17a75bc1e5f1,정지원,Female,13,2009-09-13,인천 강서구 20로 29
28467e67-649b-468f-b1de-a665d1aa333b,최하윤,Female,19,2003-08-27,서울 남구 76길 13
bedcf880-57e1-4daf-a458-675cc2ae7112,김지은,Female,40,1982-10-07,인천 남구 81길 81
7d91cf93-5d84-45e0-a195-f471651e80b9,장예지,Female,40,1983-03-19,대구 강서구 9길 83
ecf3421e-90de-4205-b5fa-9a90ed5ff66c,이민수,Male,32,1991-03-25,서울 남구 70길 67
25fe779a-6a9f-4a99-a1df-781eb7ef23ba,정유준,Male,31,1991-09-27,대구 강서구 51로 40
7bd8d4ca-c9fc-44b4-be14-80afd8a5dd6a,김유진,Male,21,2002-01-23,부산 서구 12길 97
41c201f8-18fb-4ac4-b66a-2651668482ef,최아윤,Male,19,2003-09-24,광주 서구 15로 88
957baf4e-8071-4669-82c3-0925d008c5be,이지훈,Female,28,1994-06-25,인천 서구 3길 36
0b406085-eeb2-43ed-adcb-b132ed1b022b,김아윤,Female,52,1970-07-19,인천 남구 31로 13
80989075-cb23-4e0c-847f-0e636fc677d9,임시우,Female,17,2006-02-11,대구 남구 2길 63
c8a46282-6a64-48e9-952d-55ab1ab5e730,윤지현,Male,47,1975-12-07,인천 강남구 42로 91
364fe30b-ffdc-4ef2-8ce0-d1caa56679f4,장서준,Male,24,1999-04-12,서울 강서구 24로 87
24cdbe91-19c1-4b0c-8d9d-6b461c8d6a08,박서윤,Female,19,2003-10-03,광주 강서구 21길 53
64d2b3ef-7a9c-4857-8894-033ab92cd89e,윤하준,Male,28,1995-05-20,인천 남구 17길 53
63cbadfa-6b95-4228-98a8-8bc9f46582a9,임하린,Female,35,1987-08-16,대구 중구 17길 29
132f82c0-0e5b-4f6f-a368-47b971646375,박예진,Female,15,2007-10-09,인천 강서구 30로 31
4ee2017a-3696-4671-ac9a-b6c0b56267a6,최지원,Male,52,1970-12-13,서울 강남구 23로 14
3cb2a4f0-06aa-4c13-9125-1f562d6dfed2,임서윤,Male,22,2001-01-13,광주 중구 28길 29
95eb8b8c-f312-46d1-aa45-6eea0b531859,정준혁,Male,45,1977-07-20,대구 남구 84로 56
3700c6d2-3cd8-416e-9de0-3793b06bb2e6,장예진,Female,16,2006-10-24,광주 서구 5길 81
240762ce-845b-44b3-be2a-ba904c2b62ed,조준영,Female,44,1978-10-06,부산 중구 78길 1
5df24e72-2ef9-42f9-80cc-66e2f92bc06a,박은우,Male,22,2000-08-03,서울 강서구 2로 49
66e9236d-c687-436b-81d4-cd55930cbb74,최지안,Male,30,1992-09-28,광주 강서구 100로 99
7e18a546-841f-4f9b-aa0f-a092c4f0b72d,조도윤,Female,44,1978-08-06,인천 중구 84로 77
8f9692f2-bfc3-4aac-9003-1e0cbbee2b97,조예지,Male,17,2005-08-23,서울 강남구 68로 47
7d5e926c-91c7-461a-9950-42b3f2032acb,조이안,Female,20,2002-11-28,부산 강서구 96길 75
03994f31-4450-43b2-9b20-19f236850804,강은지,Male,22,2001-05-01,대구 강서구 96길 51
67198498-b1bf-4e9f-b816-2643d9113715,강은지,Male,44,1978-08-03,대구 강남구 45길 13
175f6df8-f90c-4228-8936-b4d9881dfb63,강서준,Male,22,2001-03-06,부산 남구 7길 67
817cc641-4acf-4ce7-80bc-d6455308faa7,임민지,Female,28,1994-09-21,서울 서구 76길 16
a6d55d99-270b-4b71-accb-c938e0dcffb4,조지안,Female,29,1994-04-20,서울 남구 28길 60
df06ac3e-a4c3-4846-9329-1a256dc99c4d,최예준,Male,28,1995-01-19,부산 강서구 20로 95
510e615a-72df-4805-a431-77a2342dc246,강은우,Male,48,1975-01-19,서울 중구 1로 66
908cc4a7-5fe2-4ddc-9ccc-3949523a1fd6,이하윤,Male,15,2008-03-26,부산 강서구 37길 14
e8fc052f-51f1-4212-8479-86c1b4ad308a,조도윤,Female,49,1973-09-21,서울 강서구 77로 49
514fa8e1-61f2-4ec8-97ba-326f839c5787,강준영,Male,46,1976-10-23,대구 남구 22로 65
90a08244-ec73-4766-beb8-2279d19e69e6,강지아,Female,28,1994-10-13,대구 서구 42로 40
ab357cff-5b01-4202-b18b-dcc2b5f5f86f,정시우,Female,27,1995-09-12,인천 강남구 1로 3
49b0d0aa-915d-4710-b14a-ab5c55e5c888,박서준,Male,21,2002-01-04,서울 강서구 65로 85
e6655d3c-5de1-4d14-8f11-e292d79e66d6,박수호,Female,18,2004-07-22,대구 중구 38로 20
a2beab6a-8315-4398-b6ec-2381417edcc1,장지아,Male,39,1984-02-18,부산 서구 37로 56
72ae3d0b-dfa9-4971-8052-6189b11ffd9e,김아린,Male,31,1992-02-27,인천 남구 15길 82
78fb4ead-e906-4559-975f-bcf10451b7bd,임하윤,Female,13,2009-07-13,대구 강남구 86로 91
0cf7987e-34ce-471f-a2da-a90afa3bb0bf,윤서준,Female,21,2002-04-07,대구 중구 82길 8
f3eda2b5-0a53-4437-89be-c431bbabb4ad,윤수빈,Male,14,2008-11-08,광주 서구 51길 66
ac1f4457-e85e-4099-b8a1-27c3823d64b7,정유진,Male,32,1991-03-13,부산 강남구 32길 74
